video_name,video_height,rel_distance,mos,ci,std
Reading_Stairs_ds_2160p_crf30_hevc,2160p,1.6H,4.2,0.4889009147043453,0.7888106377466155
Reading_Stairs_ds_2160p_crf38_hevc,2160p,1.6H,3.076923076923077,0.2682908824884262,0.4935481167928245
ElFuente_8s_224000-231750.avi_720p_crf22_hevc,720p,1.6H,2.6666666666666665,0.413196688203041,0.5163977794943222
ElFuente_8s_224000-231750.avi_1080p_crf22_hevc,1080p,1.6H,4.0,0.5238224086117986,0.7559289460184544
DialogMeridian_360p_crf38_hevc,360p,1.6H,1.0,0.0,0.0
american_football_harmonic_8s_2160p_crf22_hevc,2160p,1.6H,4.75,0.2558894521397416,0.4522670168666454
DialogMeridian_1080p_crf30_hevc,1080p,1.6H,3.333333333333333,0.502212099891965,0.8876253645985945
ReadySetGoJockeyConcat_8s_0-8000.avi_2160p_crf38_hevc,2160p,1.6H,2.8181818181818183,0.5164104819805915,0.8738628975053029
monkeys_harmonic_0_cropped_8s_1080p_crf30_hevc,1080p,1.6H,3.6,0.7839855938160216,0.8944271909999159
ElFuente_8s_224000-231750.avi_2160p_crf38_hevc,2160p,1.6H,3.1666666666666665,0.4060924906833346,0.7177405625652734
american_football_harmonic_8s_1080p_crf38_hevc,1080p,1.6H,2.5454545454545454,0.3086142911116831,0.5222329678670935
Moment_of_Intensity_8s_1080p_crf22_hevc,1080p,1.6H,3.6666666666666665,0.326660664090009,0.5
ReadySetGoJockeyConcat_8s_0-8000.avi_1080p_crf22_hevc,1080p,1.6H,3.7142857142857135,0.3614718033947601,0.4879500364742666
Reading_Stairs_ds_720p_crf30_hevc,720p,1.6H,2.888888888888889,0.3925972580178818,0.6009252125773316
ReadySetGoJockeyConcat_8s_0-8000.avi_1080p_crf30_hevc,1080p,1.6H,3.6666666666666665,0.4619679414498925,0.7071067811865475
AVT-Faces_lightingLoop__V8-0019_360p_crf38_hevc,360p,1.6H,1.5,0.3814574731397608,0.674199862463242
Reading_Stairs_ds_720p_crf22_hevc,720p,1.6H,3.0,0.3703983772668733,0.5345224838248488
ElFuente_8s_224000-231750.avi_360p_crf38_hevc,360p,1.6H,1.2727272727272727,0.3821504028173929,0.6466697906828633
DialogMeridian_720p_crf30_hevc,720p,1.6H,3.0,0.0,0.0
AVT-Faces_lightingLoop__V8-0019_720p_crf30_hevc,720p,1.6H,2.5,0.526724494024805,0.8498365855987975
Moment_of_Intensity_8s_1080p_crf30_hevc,1080p,1.6H,2.75,0.2558894521397416,0.4522670168666454
ReadySetGoJockeyConcat_8s_0-8000.avi_720p_crf30_hevc,720p,1.6H,2.6666666666666665,0.653321328180018,0.5773502691896258
AVT-Faces_lightingLoop__V8-0032_360p_crf22_hevc,360p,1.6H,2.1,0.1959963984540054,0.3162277660168379
AVT-Faces_lightingLoop__V8-0032_360p_crf38_hevc,360p,1.6H,1.125,0.2449954980675067,0.3535533905932738
DialogMeridian_360p_crf30_hevc,360p,1.6H,1.6923076923076923,0.2611351694021935,0.4803844614152613
Moment_of_Intensity_8s_1080p_crf38_hevc,1080p,1.6H,2.111111111111111,0.6062565347529135,0.927960727138337
DialogMeridian_720p_crf38_hevc,720p,1.6H,1.5,0.3703983772668733,0.5345224838248488
fr-041_debris_3840x2160_60p_422_ffvhuff_4_8s_720p_crf38_hevc,720p,1.6H,2.1666666666666665,0.4060924906833346,0.7177405625652734
AVT-Faces_lightingLoop__V8-0032_1080p_crf22_hevc,1080p,1.6H,4.444444444444445,0.4746269411994117,0.7264831572567788
Knitting_Close_ds_360p_crf30_hevc,360p,1.6H,2.142857142857143,0.5111983267763306,0.6900655593423541
fr-041_debris_3840x2160_60p_422_ffvhuff_4_8s_1080p_crf38_hevc,1080p,1.6H,3.0,0.6048580172391601,0.816496580927726
monkeys_harmonic_0_cropped_8s_360p_crf38_hevc,360p,1.6H,1.0,0.0,0.0
ReadySetGoJockeyConcat_8s_0-8000.avi_360p_crf22_hevc,360p,1.6H,2.4166666666666665,0.5636456377851907,0.996204919895622
DialogMeridian_360p_crf22_hevc,360p,1.6H,2.6,0.3200607784236873,0.5163977794943223
fr-041_debris_3840x2160_60p_422_ffvhuff_4_8s_1080p_crf30_hevc,1080p,1.6H,4.0,0.2642814897619625,0.4472135954999579
Sparks_8s_107000-115000.avi_720p_crf30_hevc,720p,1.6H,2.4545454545454546,0.4063095944094466,0.6875516509523286
fr-041_debris_3840x2160_60p_422_ffvhuff_4_8s_1080p_crf22_hevc,1080p,1.6H,4.214285714285714,0.3663054518872605,0.699293206753068
AVT-Faces_lightingLoop__V8-0019_1080p_crf38_hevc,1080p,1.6H,1.5,0.3703983772668733,0.5345224838248488
Chimera-EP09_8s_24000-32000.avi_720p_crf30_hevc,720p,1.6H,2.333333333333333,0.4619679414498925,0.7071067811865475
venice_harmonic_2_cropped_8s_720p_crf30_hevc,720p,1.6H,2.923076923076923,0.3481802258695913,0.6405126152203485
american_football_harmonic_8s_720p_crf38_hevc,720p,1.6H,2.090909090909091,0.4140495202521796,0.7006490497453707
Rocket-2_8s_90000-98000.avi_2160p_crf30_hevc,2160p,1.6H,4.75,0.4899909961350135,0.5
AVT-Faces_lightingLoop__V8-0019_720p_crf22_hevc,720p,1.6H,3.6666666666666665,0.3685229303945142,0.6513389472789296
CSGO_8s_23000-31000.avi_720p_crf30_hevc,720p,1.6H,3.090909090909091,0.4912043475498383,0.8312094145936334
Reading_Stairs_ds_1080p_crf22_hevc,1080p,1.6H,4.142857142857143,0.34729087518119,0.6629935441317958
venice_harmonic_2_cropped_8s_360p_crf38_hevc,360p,1.6H,1.5,0.979981992270027,1.0
american_football_harmonic_8s_2160p_crf38_hevc,2160p,1.6H,3.888888888888889,0.6886611470050684,1.0540925533894598
AVT-Faces_lightingLoop__V8-0032_2160p_crf38_hevc,2160p,1.6H,2.2,0.4762656790400318,0.9411239481143204
AVT-Faces_lightingLoop__V8-0019_360p_crf30_hevc,360p,1.6H,1.8333333333333333,0.3266606640900089,0.408248290463863
Knitting_Close_ds_720p_crf22_hevc,720p,1.6H,3.888888888888889,0.6062565347529135,0.927960727138337
monkeys_harmonic_0_cropped_8s_360p_crf30_hevc,360p,1.6H,1.75,0.3207744042336448,0.4629100498862757
fr-041_debris_3840x2160_60p_422_ffvhuff_4_8s_360p_crf30_hevc,360p,1.6H,1.9090909090909087,0.4912043475498383,0.8312094145936334
Rocket-2_8s_90000-98000.avi_1080p_crf30_hevc,1080p,1.6H,3.7142857142857135,0.559989709868587,0.7559289460184545
Moment_of_Intensity_8s_360p_crf30_hevc,360p,1.6H,1.6666666666666667,0.326660664090009,0.5
Moment_of_Intensity_8s_720p_crf38_hevc,720p,1.6H,1.4666666666666666,0.2613285312720071,0.5163977794943222
venice_harmonic_2_cropped_8s_2160p_crf30_hevc,2160p,1.6H,4.222222222222222,0.2880876267631237,0.4409585518440984
ElFuente_8s_224000-231750.avi_360p_crf22_hevc,360p,1.6H,2.2857142857142856,0.3614718033947601,0.4879500364742666
Knitting_Close_ds_2160p_crf22_hevc,2160p,1.6H,4.727272727272728,0.3821504028173929,0.6466697906828632
Chimera-EP09_8s_24000-32000.avi_720p_crf38_hevc,720p,1.6H,1.875,0.7802580506480391,1.1259916264596033
fr-041_debris_3840x2160_60p_422_ffvhuff_4_8s_360p_crf38_hevc,360p,1.6H,1.1428571428571428,0.2799948549342935,0.3779644730092273
CSGO_8s_23000-31000.avi_720p_crf38_hevc,720p,1.6H,1.7692307692307692,0.3256927785133939,0.599144689515278
AVT-Faces_lightingLoop__V8-0019_360p_crf22_hevc,360p,1.6H,2.333333333333333,0.4619679414498925,0.7071067811865475
ReadySetGoJockeyConcat_8s_0-8000.avi_720p_crf38_hevc,720p,1.6H,1.8333333333333333,0.326660664090009,0.5773502691896257
DialogMeridian_1080p_crf22_hevc,1080p,1.6H,4.090909090909091,0.1781785440490958,0.3015113445777636
fr-041_debris_3840x2160_60p_422_ffvhuff_4_8s_2160p_crf38_hevc,2160p,1.6H,4.25,0.3347275742105989,0.6831300510639732
ElFuente_8s_224000-231750.avi_2160p_crf22_hevc,2160p,1.6H,4.2727272727272725,0.3821504028173929,0.6466697906828632
CSGO_8s_23000-31000.avi_1080p_crf22_hevc,1080p,1.6H,4.4,0.4800911676355309,0.5477225575051661
Reading_Stairs_ds_360p_crf30_hevc,360p,1.6H,1.3333333333333333,0.326660664090009,0.5
Rocket-2_8s_90000-98000.avi_2160p_crf38_hevc,2160p,1.6H,3.692307692307693,0.2611351694021935,0.4803844614152614
Rocket-2_8s_90000-98000.avi_360p_crf22_hevc,360p,1.6H,2.125,0.4440920534700871,0.6408699444616557
ReadySetGoJockeyConcat_8s_0-8000.avi_1080p_crf38_hevc,1080p,1.6H,2.1538461538461537,0.3743949443103243,0.6887372317211945
american_football_harmonic_8s_360p_crf38_hevc,360p,1.6H,1.1,0.1959963984540054,0.3162277660168379
ElFuente_8s_224000-231750.avi_2160p_crf30_hevc,2160p,1.6H,3.875,0.3522032193941178,0.7187952884282609
Moment_of_Intensity_8s_720p_crf22_hevc,720p,1.6H,3.5,0.6415488084672897,0.9258200997725514
Rocket-2_8s_90000-98000.avi_360p_crf38_hevc,360p,1.6H,1.25,0.2558894521397416,0.4522670168666454
AVT-Faces_lightingLoop__V8-0032_2160p_crf30_hevc,2160p,1.6H,4.333333333333333,0.3685229303945142,0.6513389472789296
Moment_of_Intensity_8s_360p_crf22_hevc,360p,1.6H,2.888888888888889,0.6886611470050684,1.0540925533894598
CSGO_8s_23000-31000.avi_1080p_crf38_hevc,1080p,1.6H,2.6,0.5226570625440145,0.8432740427115678
american_football_harmonic_8s_360p_crf30_hevc,360p,1.6H,1.8461538461538465,0.3015329206984699,0.5547001962252291
Sparks_8s_107000-115000.avi_720p_crf22_hevc,720p,1.6H,3.857142857142857,0.6665210722911649,0.8997354108424372
Sparks_8s_107000-115000.avi_360p_crf22_hevc,360p,1.6H,2.333333333333333,0.653321328180018,0.816496580927726
monkeys_harmonic_0_cropped_8s_720p_crf30_hevc,720p,1.6H,3.083333333333333,0.4486519385257765,0.7929614610987591
Knitting_Close_ds_1080p_crf22_hevc,1080p,1.6H,4.588235294117647,0.2939380765620236,0.6183469424008423
ReadySetGoJockeyConcat_8s_0-8000.avi_2160p_crf30_hevc,2160p,1.6H,4.333333333333333,0.653321328180018,0.816496580927726
ReadySetGoJockeyConcat_8s_0-8000.avi_360p_crf38_hevc,360p,1.6H,1.1111111111111112,0.217773776060006,0.3333333333333333
Rocket-2_8s_90000-98000.avi_360p_crf30_hevc,360p,1.6H,1.5,0.3814574731397608,0.674199862463242
Reading_Stairs_ds_360p_crf22_hevc,360p,1.6H,1.8461538461538465,0.3015329206984698,0.5547001962252291
AVT-Faces_lightingLoop__V8-0032_2160p_crf22_hevc,2160p,1.6H,4.8,0.2095289634447194,0.4140393356054125
CSGO_8s_23000-31000.avi_2160p_crf22_hevc,2160p,1.6H,4.8,0.3919927969080107,0.4472135954999579
Rocket-2_8s_90000-98000.avi_720p_crf22_hevc,720p,1.6H,4.0,0.3411859361863222,0.6030226891555273
venice_harmonic_2_cropped_8s_720p_crf22_hevc,720p,1.6H,3.3076923076923075,0.4082775046694031,0.7510676161988107
monkeys_harmonic_0_cropped_8s_2160p_crf22_hevc,2160p,1.6H,4.5,0.5238224086117986,0.7559289460184544
ReadySetGoJockeyConcat_8s_0-8000.avi_360p_crf30_hevc,360p,1.6H,1.7272727272727273,0.2760330135014531,0.4670993664969137
CSGO_8s_23000-31000.avi_360p_crf38_hevc,360p,1.6H,1.0,0.0,0.0
venice_harmonic_2_cropped_8s_360p_crf30_hevc,360p,1.6H,1.5384615384615383,0.2820582200217377,0.5188745216627707
CSGO_8s_23000-31000.avi_720p_crf22_hevc,720p,1.6H,3.857142857142857,0.5111983267763306,0.6900655593423541
AVT-Faces_lightingLoop__V8-0032_720p_crf22_hevc,720p,1.6H,3.333333333333333,0.4619679414498925,0.7071067811865475
Knitting_Close_ds_360p_crf38_hevc,360p,1.6H,1.2857142857142858,0.2455717328848304,0.4688072309384954
AVT-Faces_lightingLoop__V8-0019_1080p_crf22_hevc,1080p,1.6H,3.923076923076923,0.4128909562424209,0.75955452531275
venice_harmonic_2_cropped_8s_1080p_crf30_hevc,1080p,1.6H,3.7142857142857135,0.559989709868587,0.7559289460184545
Rocket-2_8s_90000-98000.avi_1080p_crf22_hevc,1080p,1.6H,4.076923076923077,0.3481802258695913,0.6405126152203485
Knitting_Close_ds_1080p_crf30_hevc,1080p,1.6H,4.0,0.506060524752664,0.816496580927726
venice_harmonic_2_cropped_8s_1080p_crf22_hevc,1080p,1.6H,4.25,0.3516864132178633,0.621581560508061
DialogMeridian_2160p_crf38_hevc,2160p,1.6H,2.5384615384615383,0.3588959620029349,0.6602252917735248
monkeys_harmonic_0_cropped_8s_720p_crf22_hevc,720p,1.6H,4.125,0.4440920534700871,0.6408699444616557
monkeys_harmonic_0_cropped_8s_720p_crf38_hevc,720p,1.6H,1.4545454545454546,0.3086142911116831,0.5222329678670935
Knitting_Close_ds_720p_crf38_hevc,720p,1.6H,2.25,0.3207744042336448,0.4629100498862757
DialogMeridian_2160p_crf22_hevc,2160p,1.6H,4.909090909090909,0.1781785440490958,0.3015113445777636
Sparks_8s_107000-115000.avi_1080p_crf38_hevc,1080p,1.6H,1.8,0.6401215568473747,1.0327955589886446
Chimera-EP09_8s_24000-32000.avi_1080p_crf30_hevc,1080p,1.6H,3.090909090909091,0.4140495202521796,0.7006490497453707
DialogMeridian_2160p_crf30_hevc,2160p,1.6H,4.0,0.2905643928441369,0.5547001962252291
CSGO_8s_23000-31000.avi_1080p_crf30_hevc,1080p,1.6H,3.615384615384616,0.4174534257548822,0.7679476477883045
Sparks_8s_107000-115000.avi_360p_crf38_hevc,360p,1.6H,1.25,0.4899909961350135,0.7071067811865476
Rocket-2_8s_90000-98000.avi_2160p_crf22_hevc,2160p,1.6H,4.727272727272728,0.3821504028173929,0.6466697906828632
american_football_harmonic_8s_720p_crf22_hevc,720p,1.6H,4.142857142857143,0.5111983267763307,0.6900655593423543
Chimera-EP09_8s_24000-32000.avi_1080p_crf22_hevc,1080p,1.6H,3.333333333333333,0.6533213281800179,0.816496580927726
ReadySetGoJockeyConcat_8s_0-8000.avi_2160p_crf22_hevc,2160p,1.6H,4.0,0.6197950323045616,0.7071067811865476
Reading_Stairs_ds_1080p_crf38_hevc,1080p,1.6H,1.9,0.4573249297260126,0.7378647873726218
Rocket-2_8s_90000-98000.avi_720p_crf30_hevc,720p,1.6H,3.0,0.5238224086117986,0.7559289460184544
Chimera-EP09_8s_24000-32000.avi_2160p_crf30_hevc,2160p,1.6H,3.6,0.6662596402072536,1.07496769977314
Moment_of_Intensity_8s_2160p_crf38_hevc,2160p,1.6H,2.4545454545454546,0.4063095944094466,0.6875516509523286
Chimera-EP09_8s_24000-32000.avi_2160p_crf38_hevc,2160p,1.6H,2.6666666666666665,0.4619679414498925,0.7071067811865475
Knitting_Close_ds_1080p_crf38_hevc,1080p,1.6H,2.142857142857143,0.2799948549342935,0.3779644730092273
Sparks_8s_107000-115000.avi_360p_crf30_hevc,360p,1.6H,1.8333333333333333,0.4060924906833346,0.7177405625652734
venice_harmonic_2_cropped_8s_1080p_crf38_hevc,1080p,1.6H,2.4166666666666665,0.2913429575115898,0.5149286505444373
Knitting_Close_ds_2160p_crf30_hevc,2160p,1.6H,3.8333333333333335,0.6023325030053311,0.752772652709081
fr-041_debris_3840x2160_60p_422_ffvhuff_4_8s_360p_crf22_hevc,360p,1.6H,1.875,0.5782842811604096,0.8345229603962802
monkeys_harmonic_0_cropped_8s_1080p_crf38_hevc,1080p,1.6H,2.25,0.3207744042336448,0.4629100498862757
DialogMeridian_1080p_crf38_hevc,1080p,1.6H,2.1538461538461537,0.4352252823369891,0.8006407690254357
Moment_of_Intensity_8s_2160p_crf22_hevc,2160p,1.6H,4.25,0.4264824202329028,0.7537783614444091
Chimera-EP09_8s_24000-32000.avi_360p_crf38_hevc,360p,1.6H,1.0,0.0,0.0
american_football_harmonic_8s_720p_crf30_hevc,720p,1.6H,3.1333333333333333,0.4632859696388179,0.9154754164341268
Reading_Stairs_ds_360p_crf38_hevc,360p,1.6H,1.0,0.0,0.0
AVT-Faces_lightingLoop__V8-0032_720p_crf38_hevc,720p,1.6H,1.5,0.3703983772668733,0.5345224838248488
CSGO_8s_23000-31000.avi_360p_crf30_hevc,360p,1.6H,1.7,0.4183297631301294,0.6749485577105528
venice_harmonic_2_cropped_8s_720p_crf38_hevc,720p,1.6H,1.6666666666666667,0.5657928670380858,0.8660254037844386
fr-041_debris_3840x2160_60p_422_ffvhuff_4_8s_720p_crf30_hevc,720p,1.6H,2.6666666666666665,0.413196688203041,0.5163977794943222
american_football_harmonic_8s_2160p_crf30_hevc,2160p,1.6H,4.428571428571429,0.3959725212427651,0.5345224838248488
ElFuente_8s_224000-231750.avi_360p_crf30_hevc,360p,1.6H,1.8333333333333333,0.3266606640900089,0.408248290463863
DialogMeridian_720p_crf22_hevc,720p,1.6H,4.0,0.3703983772668733,0.5345224838248488
ElFuente_8s_224000-231750.avi_720p_crf38_hevc,720p,1.6H,1.4444444444444444,0.3443305735025342,0.5270462766947299
Chimera-EP09_8s_24000-32000.avi_360p_crf30_hevc,360p,1.6H,1.4615384615384617,0.2820582200217377,0.5188745216627707
AVT-Faces_lightingLoop__V8-0019_2160p_crf38_hevc,2160p,1.6H,2.909090909090909,0.5577870712760065,0.9438798074485388
monkeys_harmonic_0_cropped_8s_2160p_crf30_hevc,2160p,1.6H,4.666666666666667,0.326660664090009,0.5
Chimera-EP09_8s_24000-32000.avi_720p_crf22_hevc,720p,1.6H,2.5454545454545454,0.5520660270029062,0.9341987329938276
AVT-Faces_lightingLoop__V8-0032_1080p_crf38_hevc,1080p,1.6H,2.071428571428572,0.3824144077839403,0.7300459115473716
CSGO_8s_23000-31000.avi_2160p_crf30_hevc,2160p,1.6H,4.307692307692308,0.4082775046694031,0.7510676161988107
AVT-Faces_lightingLoop__V8-0032_1080p_crf30_hevc,1080p,1.6H,3.0,0.5657928670380858,0.8660254037844386
Rocket-2_8s_90000-98000.avi_1080p_crf38_hevc,1080p,1.6H,2.090909090909091,0.318735469300575,0.5393598899705937
monkeys_harmonic_0_cropped_8s_2160p_crf38_hevc,2160p,1.6H,3.5,0.3098975161522808,0.6324555320336759
ElFuente_8s_224000-231750.avi_1080p_crf38_hevc,1080p,1.6H,1.6666666666666667,0.653321328180018,0.5773502691896257
venice_harmonic_2_cropped_8s_2160p_crf22_hevc,2160p,1.6H,4.4,0.5226570625440145,0.8432740427115678
venice_harmonic_2_cropped_8s_360p_crf22_hevc,360p,1.6H,2.117647058823529,0.3713583746711708,0.781213234429025
ReadySetGoJockeyConcat_8s_0-8000.avi_720p_crf22_hevc,720p,1.6H,3.8,0.2613285312720071,0.4216370213557839
fr-041_debris_3840x2160_60p_422_ffvhuff_4_8s_2160p_crf30_hevc,2160p,1.6H,4.75,0.2558894521397416,0.4522670168666454
AVT-Faces_lightingLoop__V8-0019_2160p_crf30_hevc,2160p,1.6H,4.0,0.90728702585874,1.3093073414159542
monkeys_harmonic_0_cropped_8s_360p_crf22_hevc,360p,1.6H,2.5,0.526724494024805,0.8498365855987975
Sparks_8s_107000-115000.avi_2160p_crf22_hevc,2160p,1.6H,4.75,0.2558894521397416,0.4522670168666454
Chimera-EP09_8s_24000-32000.avi_360p_crf22_hevc,360p,1.6H,1.6923076923076923,0.3426967300090466,0.6304251719561151
AVT-Faces_lightingLoop__V8-0019_1080p_crf30_hevc,1080p,1.6H,3.4615384615384617,0.3588959620029349,0.6602252917735248
Moment_of_Intensity_8s_2160p_crf30_hevc,2160p,1.6H,3.8333333333333335,0.4723505398695579,0.8348471099367218
Moment_of_Intensity_8s_720p_crf30_hevc,720p,1.6H,2.6,0.5226570625440145,0.8432740427115679
Sparks_8s_107000-115000.avi_2160p_crf38_hevc,2160p,1.6H,3.0,0.528562979523925,0.8944271909999159
Chimera-EP09_8s_24000-32000.avi_2160p_crf22_hevc,2160p,1.6H,3.875,0.469130662256193,0.957427107756338
Knitting_Close_ds_360p_crf22_hevc,360p,1.6H,2.75,0.5461639843664642,0.9653072991634228
Chimera-EP09_8s_24000-32000.avi_1080p_crf38_hevc,1080p,1.6H,1.7777777777777777,0.2880876267631237,0.4409585518440984
AVT-Faces_lightingLoop__V8-0032_720p_crf30_hevc,720p,1.6H,3.2857142857142856,0.704638265827189,0.951189731211342
american_football_harmonic_8s_360p_crf22_hevc,360p,1.6H,2.571428571428572,0.2690103551733096,0.5135525910130956
Sparks_8s_107000-115000.avi_2160p_crf30_hevc,2160p,1.6H,4.181818181818182,0.4436609967854111,0.7507571935295483
fr-041_debris_3840x2160_60p_422_ffvhuff_4_8s_720p_crf22_hevc,720p,1.6H,3.75,0.4264824202329028,0.7537783614444091
Reading_Stairs_ds_1080p_crf30_hevc,1080p,1.6H,3.0,0.3703983772668733,0.5345224838248488
CSGO_8s_23000-31000.avi_360p_crf22_hevc,360p,1.6H,2.111111111111111,0.217773776060006,0.3333333333333333
AVT-Faces_lightingLoop__V8-0019_2160p_crf22_hevc,2160p,1.6H,4.375,0.5155727212491418,0.7440238091428449
Sparks_8s_107000-115000.avi_1080p_crf30_hevc,1080p,1.6H,3.5,0.6415488084672897,0.9258200997725514
Rocket-2_8s_90000-98000.avi_720p_crf38_hevc,720p,1.6H,2.0,0.457748967767713,0.7745966692414834
Sparks_8s_107000-115000.avi_720p_crf38_hevc,720p,1.6H,1.2727272727272727,0.2760330135014531,0.4670993664969137
american_football_harmonic_8s_1080p_crf22_hevc,1080p,1.6H,4.818181818181818,0.2390516019754313,0.4045199174779452
venice_harmonic_2_cropped_8s_2160p_crf38_hevc,2160p,1.6H,3.375,0.6348308347726804,0.9161253813129044
ElFuente_8s_224000-231750.avi_1080p_crf30_hevc,1080p,1.6H,3.0,0.3703983772668733,0.5345224838248488
Moment_of_Intensity_8s_360p_crf38_hevc,360p,1.6H,1.0,0.0,0.0
AVT-Faces_lightingLoop__V8-0032_360p_crf30_hevc,360p,1.6H,1.7272727272727273,0.2760330135014531,0.4670993664969137
Sparks_8s_107000-115000.avi_1080p_crf22_hevc,1080p,1.6H,4.230769230769231,0.5038096884303814,0.9268086959962984
monkeys_harmonic_0_cropped_8s_1080p_crf22_hevc,1080p,1.6H,4.5,0.4382612702882907,0.5477225575051661
Knitting_Close_ds_720p_crf30_hevc,720p,1.6H,3.25,0.614236220175362,0.8864052604279183
AVT-Faces_lightingLoop__V8-0019_720p_crf38_hevc,720p,1.6H,1.875,0.4440920534700871,0.6408699444616557
Reading_Stairs_ds_2160p_crf22_hevc,2160p,1.6H,4.571428571428571,0.5828557695421709,0.7867957924694431
american_football_harmonic_8s_1080p_crf30_hevc,1080p,1.6H,4.1,0.3518243024265404,0.5676462121975466
Reading_Stairs_ds_720p_crf38_hevc,720p,1.6H,1.5,0.326660664090009,0.5270462766947299
fr-041_debris_3840x2160_60p_422_ffvhuff_4_8s_2160p_crf22_hevc,2160p,1.6H,4.615384615384615,0.6093153952717849,1.12089707663561
CSGO_8s_23000-31000.avi_2160p_crf38_hevc,2160p,1.6H,4.0,0.7156776574868629,0.8944271909999159
ElFuente_8s_224000-231750.avi_720p_crf30_hevc,720p,1.6H,2.7777777777777777,0.544434440150015,0.8333333333333334
Knitting_Close_ds_2160p_crf38_hevc,2160p,1.6H,2.833333333333333,0.3266606640900089,0.408248290463863
Reading_Stairs_ds_2160p_crf30_hevc,2160p,2.4H,4.6,0.7839855938160215,0.8944271909999157
Reading_Stairs_ds_2160p_crf38_hevc,2160p,2.4H,3.6,0.4800911676355309,0.5477225575051661
ElFuente_8s_224000-231750.avi_720p_crf22_hevc,720p,2.4H,3.333333333333333,0.4131966882030411,0.816496580927726
ElFuente_8s_224000-231750.avi_1080p_crf22_hevc,1080p,2.4H,3.909090909090909,0.6172285822233663,1.044465935734187
DialogMeridian_360p_crf38_hevc,360p,2.4H,1.3,0.4183297631301294,0.6749485577105528
american_football_harmonic_8s_2160p_crf22_hevc,2160p,2.4H,4.444444444444445,0.4746269411994117,0.7264831572567788
DialogMeridian_1080p_crf30_hevc,1080p,2.4H,3.375,0.6348308347726804,0.9161253813129044
ReadySetGoJockeyConcat_8s_0-8000.avi_2160p_crf38_hevc,2160p,2.4H,3.272727272727273,0.2760330135014531,0.4670993664969137
monkeys_harmonic_0_cropped_8s_1080p_crf30_hevc,1080p,2.4H,4.0,0.413196688203041,0.6666666666666666
ElFuente_8s_224000-231750.avi_2160p_crf38_hevc,2160p,2.4H,3.2222222222222223,0.4355475521200119,0.6666666666666666
american_football_harmonic_8s_1080p_crf38_hevc,1080p,2.4H,2.833333333333333,0.7867030563621887,0.983192080250175
Moment_of_Intensity_8s_1080p_crf22_hevc,1080p,2.4H,4.5,0.4382612702882908,0.7071067811865476
ReadySetGoJockeyConcat_8s_0-8000.avi_1080p_crf22_hevc,1080p,2.4H,4.363636363636363,0.4781032039508626,0.8090398349558905
Reading_Stairs_ds_720p_crf30_hevc,720p,2.4H,3.0,0.3843805616580308,0.7071067811865476
ReadySetGoJockeyConcat_8s_0-8000.avi_1080p_crf30_hevc,1080p,2.4H,3.8,0.569552329439294,0.9189365834726816
AVT-Faces_lightingLoop__V8-0019_360p_crf38_hevc,360p,2.4H,1.0833333333333333,0.1633303320450045,0.2886751345948128
Reading_Stairs_ds_720p_crf22_hevc,720p,2.4H,3.636363636363636,0.3984193366257189,0.6741998624632421
ElFuente_8s_224000-231750.avi_360p_crf38_hevc,360p,2.4H,1.0,0.0,0.0
DialogMeridian_720p_crf30_hevc,720p,2.4H,2.857142857142857,0.5111983267763307,0.6900655593423543
AVT-Faces_lightingLoop__V8-0019_720p_crf30_hevc,720p,2.4H,3.363636363636364,0.6068542537460578,1.026910636104941
Moment_of_Intensity_8s_1080p_crf30_hevc,1080p,2.4H,3.615384615384616,0.3535786908374229,0.6504436355879909
ReadySetGoJockeyConcat_8s_0-8000.avi_720p_crf30_hevc,720p,2.4H,3.4,0.2566195233869159,0.5070925528371101
AVT-Faces_lightingLoop__V8-0032_360p_crf22_hevc,360p,2.4H,2.6,0.4800911676355309,0.5477225575051661
AVT-Faces_lightingLoop__V8-0032_360p_crf38_hevc,360p,2.4H,1.3333333333333333,0.413196688203041,0.5163977794943223
DialogMeridian_360p_crf30_hevc,360p,2.4H,1.5454545454545454,0.3086142911116831,0.5222329678670935
Moment_of_Intensity_8s_1080p_crf38_hevc,1080p,2.4H,1.8888888888888888,0.5107247756540552,0.7817359599705717
DialogMeridian_720p_crf38_hevc,720p,2.4H,1.5384615384615383,0.2820582200217377,0.5188745216627707
fr-041_debris_3840x2160_60p_422_ffvhuff_4_8s_720p_crf38_hevc,720p,2.4H,2.1666666666666665,0.4060924906833346,0.7177405625652734
AVT-Faces_lightingLoop__V8-0032_1080p_crf22_hevc,1080p,2.4H,4.5,0.5238224086117986,0.7559289460184544
Knitting_Close_ds_360p_crf30_hevc,360p,2.4H,2.0,0.326660664090009,0.5
fr-041_debris_3840x2160_60p_422_ffvhuff_4_8s_1080p_crf38_hevc,1080p,2.4H,3.3076923076923075,0.4646934396774455,0.8548504142651104
monkeys_harmonic_0_cropped_8s_360p_crf38_hevc,360p,2.4H,1.0909090909090908,0.1781785440490958,0.3015113445777636
ReadySetGoJockeyConcat_8s_0-8000.avi_360p_crf22_hevc,360p,2.4H,2.857142857142857,0.2799948549342934,0.5345224838248487
DialogMeridian_360p_crf22_hevc,360p,2.4H,2.888888888888889,0.3925972580178818,0.6009252125773316
fr-041_debris_3840x2160_60p_422_ffvhuff_4_8s_1080p_crf30_hevc,1080p,2.4H,4.153846153846154,0.4352252823369891,0.8006407690254357
Sparks_8s_107000-115000.avi_720p_crf30_hevc,720p,2.4H,3.375,0.3586366866542131,0.5175491695067657
fr-041_debris_3840x2160_60p_422_ffvhuff_4_8s_1080p_crf22_hevc,1080p,2.4H,4.125,0.4440920534700871,0.6408699444616557
AVT-Faces_lightingLoop__V8-0019_1080p_crf38_hevc,1080p,2.4H,2.1,0.4573249297260126,0.7378647873726218
Chimera-EP09_8s_24000-32000.avi_720p_crf30_hevc,720p,2.4H,2.25,0.4264824202329028,0.7537783614444091
venice_harmonic_2_cropped_8s_720p_crf30_hevc,720p,2.4H,2.875,0.2449954980675067,0.3535533905932738
american_football_harmonic_8s_720p_crf38_hevc,720p,2.4H,2.142857142857143,0.6665210722911649,0.8997354108424372
Rocket-2_8s_90000-98000.avi_2160p_crf30_hevc,2160p,2.4H,4.6923076923076925,0.2611351694021935,0.4803844614152614
AVT-Faces_lightingLoop__V8-0019_720p_crf22_hevc,720p,2.4H,4.0,0.5843483603843876,0.9428090415820634
CSGO_8s_23000-31000.avi_720p_crf30_hevc,720p,2.4H,3.571428571428572,0.7229436067895202,0.9759000729485332
Reading_Stairs_ds_1080p_crf22_hevc,1080p,2.4H,4.6,0.4333643426219527,0.6992058987801011
venice_harmonic_2_cropped_8s_360p_crf38_hevc,360p,2.4H,1.1,0.1959963984540054,0.3162277660168379
american_football_harmonic_8s_2160p_crf38_hevc,2160p,2.4H,4.153846153846154,0.3743949443103243,0.6887372317211945
AVT-Faces_lightingLoop__V8-0032_2160p_crf38_hevc,2160p,2.4H,2.8181818181818183,0.3563570880981916,0.6030226891555273
AVT-Faces_lightingLoop__V8-0019_360p_crf30_hevc,360p,2.4H,1.875,0.4440920534700871,0.6408699444616557
Knitting_Close_ds_720p_crf22_hevc,720p,2.4H,4.363636363636363,0.4781032039508626,0.8090398349558905
monkeys_harmonic_0_cropped_8s_360p_crf30_hevc,360p,2.4H,1.625,0.5155727212491418,0.7440238091428449
fr-041_debris_3840x2160_60p_422_ffvhuff_4_8s_360p_crf30_hevc,360p,2.4H,2.0,0.3703983772668733,0.5345224838248488
Rocket-2_8s_90000-98000.avi_1080p_crf30_hevc,1080p,2.4H,3.8461538461538463,0.3015329206984699,0.5547001962252291
Moment_of_Intensity_8s_360p_crf30_hevc,360p,2.4H,2.0,0.6383004391974676,1.1281521496355325
Moment_of_Intensity_8s_720p_crf38_hevc,720p,2.4H,1.5714285714285714,0.3959725212427651,0.5345224838248488
venice_harmonic_2_cropped_8s_2160p_crf30_hevc,2160p,2.4H,4.375,0.5155727212491418,0.7440238091428449
ElFuente_8s_224000-231750.avi_360p_crf22_hevc,360p,2.4H,2.333333333333333,0.4619679414498925,0.7071067811865475
Knitting_Close_ds_2160p_crf22_hevc,2160p,2.4H,4.777777777777778,0.2880876267631237,0.4409585518440984
Chimera-EP09_8s_24000-32000.avi_720p_crf38_hevc,720p,2.4H,1.4166666666666667,0.2913429575115897,0.5149286505444373
fr-041_debris_3840x2160_60p_422_ffvhuff_4_8s_360p_crf38_hevc,360p,2.4H,1.5333333333333334,0.3238486117904989,0.6399404734221844
CSGO_8s_23000-31000.avi_720p_crf38_hevc,720p,2.4H,2.0,0.413196688203041,0.6666666666666666
AVT-Faces_lightingLoop__V8-0019_360p_crf22_hevc,360p,2.4H,2.090909090909091,0.4912043475498384,0.8312094145936335
ReadySetGoJockeyConcat_8s_0-8000.avi_720p_crf38_hevc,720p,2.4H,2.090909090909091,0.5577870712760065,0.9438798074485388
DialogMeridian_1080p_crf22_hevc,1080p,2.4H,4.636363636363637,0.2981497307838389,0.504524979109513
fr-041_debris_3840x2160_60p_422_ffvhuff_4_8s_2160p_crf38_hevc,2160p,2.4H,4.333333333333333,0.326660664090009,0.5
ElFuente_8s_224000-231750.avi_2160p_crf22_hevc,2160p,2.4H,4.25,0.4899909961350135,0.7071067811865476
CSGO_8s_23000-31000.avi_1080p_crf22_hevc,1080p,2.4H,4.5,0.3703983772668733,0.5345224838248488
Reading_Stairs_ds_360p_crf30_hevc,360p,2.4H,1.5714285714285714,0.3959725212427651,0.5345224838248488
Rocket-2_8s_90000-98000.avi_2160p_crf38_hevc,2160p,2.4H,3.2,0.733351372056518,0.8366600265340756
Rocket-2_8s_90000-98000.avi_360p_crf22_hevc,360p,2.4H,3.0,0.3737504671055335,0.6324555320336759
ReadySetGoJockeyConcat_8s_0-8000.avi_1080p_crf38_hevc,1080p,2.4H,2.333333333333333,0.326660664090009,0.5
american_football_harmonic_8s_360p_crf38_hevc,360p,2.4H,1.3333333333333333,0.326660664090009,0.5
ElFuente_8s_224000-231750.avi_2160p_crf30_hevc,2160p,2.4H,4.625,0.3586366866542131,0.5175491695067657
Moment_of_Intensity_8s_720p_crf22_hevc,720p,2.4H,3.727272727272727,0.3821504028173929,0.6466697906828633
Rocket-2_8s_90000-98000.avi_360p_crf38_hevc,360p,2.4H,1.0909090909090908,0.1781785440490958,0.3015113445777636
AVT-Faces_lightingLoop__V8-0032_2160p_crf30_hevc,2160p,2.4H,4.416666666666667,0.3782653042736917,0.6685579234215215
Moment_of_Intensity_8s_360p_crf22_hevc,360p,2.4H,2.7777777777777777,0.634914206082354,0.9718253158075502
CSGO_8s_23000-31000.avi_1080p_crf38_hevc,1080p,2.4H,2.6666666666666665,0.326660664090009,0.5
american_football_harmonic_8s_360p_crf30_hevc,360p,2.4H,1.875,0.2449954980675067,0.3535533905932738
Sparks_8s_107000-115000.avi_720p_crf22_hevc,720p,2.4H,3.882352941176471,0.3713583746711708,0.781213234429025
Sparks_8s_107000-115000.avi_360p_crf22_hevc,360p,2.4H,2.5,0.3703983772668733,0.5345224838248488
monkeys_harmonic_0_cropped_8s_720p_crf30_hevc,720p,2.4H,3.5,0.3703983772668733,0.5345224838248488
Knitting_Close_ds_1080p_crf22_hevc,1080p,2.4H,4.714285714285714,0.36147180339476,0.4879500364742665
ReadySetGoJockeyConcat_8s_0-8000.avi_2160p_crf30_hevc,2160p,2.4H,4.222222222222222,0.4355475521200119,0.6666666666666666
ReadySetGoJockeyConcat_8s_0-8000.avi_360p_crf38_hevc,360p,2.4H,1.2857142857142858,0.3614718033947601,0.4879500364742666
Rocket-2_8s_90000-98000.avi_360p_crf30_hevc,360p,2.4H,1.8333333333333333,0.326660664090009,0.5773502691896257
Reading_Stairs_ds_360p_crf22_hevc,360p,2.4H,1.8,0.3919927969080108,0.6324555320336759
AVT-Faces_lightingLoop__V8-0032_2160p_crf22_hevc,2160p,2.4H,4.75,0.3516864132178633,0.621581560508061
CSGO_8s_23000-31000.avi_2160p_crf22_hevc,2160p,2.4H,4.727272727272728,0.2760330135014531,0.4670993664969138
Rocket-2_8s_90000-98000.avi_720p_crf22_hevc,720p,2.4H,3.7777777777777777,0.544434440150015,0.8333333333333334
venice_harmonic_2_cropped_8s_720p_crf22_hevc,720p,2.4H,4.0,0.2642814897619625,0.4472135954999579
monkeys_harmonic_0_cropped_8s_2160p_crf22_hevc,2160p,2.4H,5.0,0.0,0.0
ReadySetGoJockeyConcat_8s_0-8000.avi_360p_crf30_hevc,360p,2.4H,2.117647058823529,0.3311510557102539,0.6966305460192359
CSGO_8s_23000-31000.avi_360p_crf38_hevc,360p,2.4H,1.181818181818182,0.2390516019754313,0.4045199174779452
venice_harmonic_2_cropped_8s_360p_crf30_hevc,360p,2.4H,1.4285714285714286,0.3959725212427651,0.5345224838248488
CSGO_8s_23000-31000.avi_720p_crf22_hevc,720p,2.4H,3.5,0.4513465689908809,0.7977240352174656
AVT-Faces_lightingLoop__V8-0032_720p_crf22_hevc,720p,2.4H,4.076923076923077,0.4687519747232665,0.8623164985025763
Knitting_Close_ds_360p_crf38_hevc,360p,2.4H,1.7142857142857142,0.7046382658271889,0.9511897312113418
AVT-Faces_lightingLoop__V8-0019_1080p_crf22_hevc,1080p,2.4H,4.555555555555555,0.3443305735025341,0.5270462766947298
venice_harmonic_2_cropped_8s_1080p_crf30_hevc,1080p,2.4H,3.75,0.2558894521397416,0.4522670168666454
Rocket-2_8s_90000-98000.avi_1080p_crf22_hevc,1080p,2.4H,4.7,0.2993894439514019,0.4830458915396479
Knitting_Close_ds_1080p_crf30_hevc,1080p,2.4H,3.9166666666666665,0.5094040473618223,0.90033663737852
venice_harmonic_2_cropped_8s_1080p_crf22_hevc,1080p,2.4H,4.6,0.480091167635531,0.5477225575051662
DialogMeridian_2160p_crf38_hevc,2160p,2.4H,3.0,0.653321328180018,1.0
monkeys_harmonic_0_cropped_8s_720p_crf22_hevc,720p,2.4H,4.142857142857143,0.1902190463524488,0.3631365196012814
monkeys_harmonic_0_cropped_8s_720p_crf38_hevc,720p,2.4H,1.625,0.3586366866542131,0.5175491695067657
Knitting_Close_ds_720p_crf38_hevc,720p,2.4H,2.0,0.3737504671055335,0.6324555320336759
DialogMeridian_2160p_crf22_hevc,2160p,2.4H,4.9,0.1959963984540054,0.3162277660168379
Sparks_8s_107000-115000.avi_1080p_crf38_hevc,1080p,2.4H,2.1666666666666665,0.6023325030053311,0.752772652709081
Chimera-EP09_8s_24000-32000.avi_1080p_crf30_hevc,1080p,2.4H,3.4444444444444446,0.5761752535262474,0.8819171036881968
DialogMeridian_2160p_crf30_hevc,2160p,2.4H,4.0,0.0,0.0
CSGO_8s_23000-31000.avi_1080p_crf30_hevc,1080p,2.4H,4.0,0.5843483603843876,0.9428090415820634
Sparks_8s_107000-115000.avi_360p_crf38_hevc,360p,2.4H,1.1666666666666667,0.2202345748016354,0.3892494720807615
Rocket-2_8s_90000-98000.avi_2160p_crf22_hevc,2160p,2.4H,4.888888888888889,0.217773776060006,0.3333333333333333
american_football_harmonic_8s_720p_crf22_hevc,720p,2.4H,4.5,0.4382612702882908,0.7071067811865476
Chimera-EP09_8s_24000-32000.avi_1080p_crf22_hevc,1080p,2.4H,3.75,0.3516864132178633,0.621581560508061
ReadySetGoJockeyConcat_8s_0-8000.avi_2160p_crf22_hevc,2160p,2.4H,4.6923076923076925,0.2611351694021935,0.4803844614152615
Reading_Stairs_ds_1080p_crf38_hevc,1080p,2.4H,1.8571428571428568,0.6665210722911649,0.8997354108424372
Rocket-2_8s_90000-98000.avi_720p_crf30_hevc,720p,2.4H,3.142857142857143,0.2799948549342934,0.5345224838248487
Chimera-EP09_8s_24000-32000.avi_2160p_crf30_hevc,2160p,2.4H,3.375,0.5155727212491418,0.7440238091428449
Moment_of_Intensity_8s_2160p_crf38_hevc,2160p,2.4H,3.2,0.569552329439294,0.9189365834726816
Chimera-EP09_8s_24000-32000.avi_2160p_crf38_hevc,2160p,2.4H,2.7777777777777777,0.4355475521200119,0.6666666666666666
Knitting_Close_ds_1080p_crf38_hevc,1080p,2.4H,2.4545454545454546,0.4063095944094466,0.6875516509523286
Sparks_8s_107000-115000.avi_360p_crf30_hevc,360p,2.4H,2.111111111111111,0.5107247756540552,0.7817359599705717
venice_harmonic_2_cropped_8s_1080p_crf38_hevc,1080p,2.4H,2.25,0.4899909961350135,0.7071067811865476
Knitting_Close_ds_2160p_crf30_hevc,2160p,2.4H,4.846153846153846,0.2041387523347015,0.3755338080994054
fr-041_debris_3840x2160_60p_422_ffvhuff_4_8s_360p_crf22_hevc,360p,2.4H,2.3,0.4183297631301294,0.6749485577105528
monkeys_harmonic_0_cropped_8s_1080p_crf38_hevc,1080p,2.4H,2.75,0.4899909961350135,0.8660254037844386
DialogMeridian_1080p_crf38_hevc,1080p,2.4H,2.111111111111111,0.6062565347529135,0.927960727138337
Moment_of_Intensity_8s_2160p_crf22_hevc,2160p,2.4H,4.375,0.3586366866542131,0.5175491695067657
Chimera-EP09_8s_24000-32000.avi_360p_crf38_hevc,360p,2.4H,1.0,0.0,0.0
american_football_harmonic_8s_720p_crf30_hevc,720p,2.4H,3.7777777777777777,0.4355475521200119,0.6666666666666666
Reading_Stairs_ds_360p_crf38_hevc,360p,2.4H,1.0,0.0,0.0
AVT-Faces_lightingLoop__V8-0032_720p_crf38_hevc,720p,2.4H,1.8,0.3919927969080108,0.6324555320336759
CSGO_8s_23000-31000.avi_360p_crf30_hevc,360p,2.4H,1.5833333333333333,0.3782653042736917,0.6685579234215215
venice_harmonic_2_cropped_8s_720p_crf38_hevc,720p,2.4H,2.125,0.2449954980675067,0.3535533905932738
fr-041_debris_3840x2160_60p_422_ffvhuff_4_8s_720p_crf30_hevc,720p,2.4H,2.833333333333333,0.3266606640900089,0.408248290463863
american_football_harmonic_8s_2160p_crf30_hevc,2160p,2.4H,4.636363636363637,0.3984193366257187,0.674199862463242
ElFuente_8s_224000-231750.avi_360p_crf30_hevc,360p,2.4H,1.5833333333333333,0.5094040473618223,0.90033663737852
DialogMeridian_720p_crf22_hevc,720p,2.4H,4.142857142857143,0.34729087518119,0.6629935441317958
ElFuente_8s_224000-231750.avi_720p_crf38_hevc,720p,2.4H,1.7272727272727273,0.3821504028173929,0.6466697906828633
Chimera-EP09_8s_24000-32000.avi_360p_crf30_hevc,360p,2.4H,1.8,0.2613285312720072,0.4216370213557839
AVT-Faces_lightingLoop__V8-0019_2160p_crf38_hevc,2160p,2.4H,2.9,0.1959963984540054,0.3162277660168379
monkeys_harmonic_0_cropped_8s_2160p_crf30_hevc,2160p,2.4H,4.307692307692308,0.3426967300090466,0.6304251719561151
Chimera-EP09_8s_24000-32000.avi_720p_crf22_hevc,720p,2.4H,3.5,0.6023325030053313,0.97182531580755
AVT-Faces_lightingLoop__V8-0032_1080p_crf38_hevc,1080p,2.4H,2.111111111111111,0.6062565347529135,0.927960727138337
CSGO_8s_23000-31000.avi_2160p_crf30_hevc,2160p,2.4H,4.571428571428571,0.3959725212427651,0.5345224838248488
AVT-Faces_lightingLoop__V8-0032_1080p_crf30_hevc,1080p,2.4H,3.571428571428572,0.3959725212427651,0.7559289460184545
Rocket-2_8s_90000-98000.avi_1080p_crf38_hevc,1080p,2.4H,2.833333333333333,0.3266606640900089,0.408248290463863
monkeys_harmonic_0_cropped_8s_2160p_crf38_hevc,2160p,2.4H,3.642857142857143,0.3317491427050065,0.633323693776651
ElFuente_8s_224000-231750.avi_1080p_crf38_hevc,1080p,2.4H,1.8888888888888888,0.5107247756540552,0.7817359599705717
venice_harmonic_2_cropped_8s_2160p_crf22_hevc,2160p,2.4H,4.714285714285714,0.3614718033947601,0.4879500364742666
venice_harmonic_2_cropped_8s_360p_crf22_hevc,360p,2.4H,2.625,0.5155727212491418,0.7440238091428449
ReadySetGoJockeyConcat_8s_0-8000.avi_720p_crf22_hevc,720p,2.4H,3.5,0.326660664090009,0.5270462766947299
fr-041_debris_3840x2160_60p_422_ffvhuff_4_8s_2160p_crf30_hevc,2160p,2.4H,4.833333333333333,0.326660664090009,0.408248290463863
AVT-Faces_lightingLoop__V8-0019_2160p_crf30_hevc,2160p,2.4H,3.8461538461538463,0.4352252823369891,0.8006407690254357
monkeys_harmonic_0_cropped_8s_360p_crf22_hevc,360p,2.4H,2.727272727272727,0.4646327971681485,0.7862453931068966
Sparks_8s_107000-115000.avi_2160p_crf22_hevc,2160p,2.4H,4.375,0.3586366866542131,0.5175491695067657
Chimera-EP09_8s_24000-32000.avi_360p_crf22_hevc,360p,2.4H,2.0,0.457748967767713,0.7745966692414834
AVT-Faces_lightingLoop__V8-0019_1080p_crf30_hevc,1080p,2.4H,3.571428571428572,0.3959725212427651,0.5345224838248487
Moment_of_Intensity_8s_2160p_crf30_hevc,2160p,2.4H,4.555555555555555,0.4746269411994117,0.7264831572567788
Moment_of_Intensity_8s_720p_crf30_hevc,720p,2.4H,3.0,0.5238224086117986,0.7559289460184544
Sparks_8s_107000-115000.avi_2160p_crf38_hevc,2160p,2.4H,3.6,0.4333643426219527,0.6992058987801011
Chimera-EP09_8s_24000-32000.avi_2160p_crf22_hevc,2160p,2.4H,4.5,0.3703983772668733,0.5345224838248488
Knitting_Close_ds_360p_crf22_hevc,360p,2.4H,3.0,0.8001519460592185,0.816496580927726
Chimera-EP09_8s_24000-32000.avi_1080p_crf38_hevc,1080p,2.4H,2.333333333333333,0.4404691496032709,0.7784989441615231
AVT-Faces_lightingLoop__V8-0032_720p_crf30_hevc,720p,2.4H,3.1666666666666665,0.4060924906833346,0.7177405625652734
american_football_harmonic_8s_360p_crf22_hevc,360p,2.4H,2.833333333333333,0.3266606640900089,0.4082482904638629
Sparks_8s_107000-115000.avi_2160p_crf30_hevc,2160p,2.4H,4.5,0.326660664090009,0.5270462766947299
fr-041_debris_3840x2160_60p_422_ffvhuff_4_8s_720p_crf22_hevc,720p,2.4H,4.0,0.3411859361863222,0.6030226891555273
Reading_Stairs_ds_1080p_crf30_hevc,1080p,2.4H,4.181818181818182,0.4436609967854111,0.7507571935295483
CSGO_8s_23000-31000.avi_360p_crf22_hevc,360p,2.4H,2.2,0.2613285312720071,0.4216370213557839
AVT-Faces_lightingLoop__V8-0019_2160p_crf22_hevc,2160p,2.4H,4.714285714285714,0.36147180339476,0.4879500364742665
Sparks_8s_107000-115000.avi_1080p_crf30_hevc,1080p,2.4H,3.9,0.3518243024265405,0.5676462121975467
Rocket-2_8s_90000-98000.avi_720p_crf38_hevc,720p,2.4H,2.142857142857143,0.4528119017572295,0.8644378215075665
Sparks_8s_107000-115000.avi_720p_crf38_hevc,720p,2.4H,1.75,0.5461639843664642,0.9653072991634228
american_football_harmonic_8s_1080p_crf22_hevc,1080p,2.4H,4.555555555555555,0.3443305735025341,0.5270462766947298
venice_harmonic_2_cropped_8s_2160p_crf38_hevc,2160p,2.4H,3.5,0.4382612702882908,0.7071067811865476
ElFuente_8s_224000-231750.avi_1080p_crf30_hevc,1080p,2.4H,3.1666666666666665,0.5826859150231795,1.0298573010888743
Moment_of_Intensity_8s_360p_crf38_hevc,360p,2.4H,1.0,0.0,0.0
AVT-Faces_lightingLoop__V8-0032_360p_crf30_hevc,360p,2.4H,1.6363636363636365,0.5462850716053682,0.9244162777371752
Sparks_8s_107000-115000.avi_1080p_crf22_hevc,1080p,2.4H,4.714285714285714,0.36147180339476,0.4879500364742665
monkeys_harmonic_0_cropped_8s_1080p_crf22_hevc,1080p,2.4H,4.444444444444445,0.3443305735025341,0.5270462766947298
Knitting_Close_ds_720p_crf30_hevc,720p,2.4H,3.333333333333333,0.4619679414498925,0.7071067811865475
AVT-Faces_lightingLoop__V8-0019_720p_crf38_hevc,720p,2.4H,1.7272727272727273,0.3821504028173929,0.6466697906828632
Reading_Stairs_ds_2160p_crf22_hevc,2160p,2.4H,4.8,0.2095289634447194,0.4140393356054125
american_football_harmonic_8s_1080p_crf30_hevc,1080p,2.4H,4.153846153846154,0.3743949443103243,0.6887372317211945
Reading_Stairs_ds_720p_crf38_hevc,720p,2.4H,1.375,0.3586366866542131,0.5175491695067657
fr-041_debris_3840x2160_60p_422_ffvhuff_4_8s_2160p_crf22_hevc,2160p,2.4H,4.916666666666667,0.1633303320450045,0.2886751345948129
CSGO_8s_23000-31000.avi_2160p_crf38_hevc,2160p,2.4H,4.0,0.506060524752664,0.816496580927726
ElFuente_8s_224000-231750.avi_720p_crf30_hevc,720p,2.4H,2.4615384615384617,0.5258847095348518,0.9674179220468452
Knitting_Close_ds_2160p_crf38_hevc,2160p,2.4H,3.5454545454545454,0.6120633986782544,1.0357254813546264
Reading_Stairs_ds_2160p_crf30_hevc,2160p,3.2H,4.352941176470588,0.3735887753535988,0.7859052479933757
Reading_Stairs_ds_2160p_crf38_hevc,2160p,3.2H,4.076923076923077,0.4128909562424209,0.75955452531275
ElFuente_8s_224000-231750.avi_720p_crf22_hevc,720p,3.2H,3.4285714285714284,0.4911434657696608,0.9376144618769908
ElFuente_8s_224000-231750.avi_1080p_crf22_hevc,1080p,3.2H,4.0,0.653321328180018,1.0
DialogMeridian_360p_crf38_hevc,360p,3.2H,1.0769230769230769,0.1507664603492349,0.2773500981126146
american_football_harmonic_8s_2160p_crf22_hevc,2160p,3.2H,4.571428571428571,0.5828557695421709,0.7867957924694432
DialogMeridian_1080p_crf30_hevc,1080p,3.2H,3.636363636363636,0.3984193366257189,0.6741998624632421
ReadySetGoJockeyConcat_8s_0-8000.avi_2160p_crf38_hevc,2160p,3.2H,3.5,0.326660664090009,0.5270462766947299
monkeys_harmonic_0_cropped_8s_1080p_crf30_hevc,1080p,3.2H,4.0,0.2412548891228291,0.4264014327112209
ElFuente_8s_224000-231750.avi_2160p_crf38_hevc,2160p,3.2H,3.9,0.5426894534813469,0.8755950357709131
american_football_harmonic_8s_1080p_crf38_hevc,1080p,3.2H,3.071428571428572,0.3824144077839403,0.7300459115473716
Moment_of_Intensity_8s_1080p_crf22_hevc,1080p,3.2H,4.5,0.3814574731397608,0.674199862463242
ReadySetGoJockeyConcat_8s_0-8000.avi_1080p_crf22_hevc,1080p,3.2H,4.5,0.326660664090009,0.5270462766947299
Reading_Stairs_ds_720p_crf30_hevc,720p,3.2H,2.6666666666666665,0.4619679414498925,0.7071067811865475
ReadySetGoJockeyConcat_8s_0-8000.avi_1080p_crf30_hevc,1080p,3.2H,4.111111111111111,0.3925972580178818,0.6009252125773316
AVT-Faces_lightingLoop__V8-0019_360p_crf38_hevc,360p,3.2H,1.1,0.1959963984540054,0.3162277660168379
Reading_Stairs_ds_720p_crf22_hevc,720p,3.2H,3.923076923076923,0.2682908824884262,0.4935481167928245
ElFuente_8s_224000-231750.avi_360p_crf38_hevc,360p,3.2H,1.25,0.3516864132178633,0.621581560508061
DialogMeridian_720p_crf30_hevc,720p,3.2H,2.7857142857142856,0.3032587193930114,0.5789342235218394
AVT-Faces_lightingLoop__V8-0019_720p_crf30_hevc,720p,3.2H,3.2222222222222223,0.7140190743593001,1.092906420717
Moment_of_Intensity_8s_1080p_crf30_hevc,1080p,3.2H,4.25,0.4899909961350135,0.5
ReadySetGoJockeyConcat_8s_0-8000.avi_720p_crf30_hevc,720p,3.2H,3.333333333333333,0.36625971801457,0.723746864455746
AVT-Faces_lightingLoop__V8-0032_360p_crf22_hevc,360p,3.2H,2.2,0.3919927969080108,0.6324555320336759
AVT-Faces_lightingLoop__V8-0032_360p_crf38_hevc,360p,3.2H,1.3,0.2993894439514018,0.4830458915396479
DialogMeridian_360p_crf30_hevc,360p,3.2H,2.2,0.3919927969080107,0.4472135954999579
Moment_of_Intensity_8s_1080p_crf38_hevc,1080p,3.2H,2.333333333333333,0.326660664090009,0.5
DialogMeridian_720p_crf38_hevc,720p,3.2H,1.4545454545454546,0.3086142911116831,0.5222329678670935
fr-041_debris_3840x2160_60p_422_ffvhuff_4_8s_720p_crf38_hevc,720p,3.2H,3.2,1.1428455709482372,1.3038404810405295
AVT-Faces_lightingLoop__V8-0032_1080p_crf22_hevc,1080p,3.2H,4.5,0.3703983772668733,0.5345224838248488
Knitting_Close_ds_360p_crf30_hevc,360p,3.2H,1.9090909090909087,0.1781785440490958,0.3015113445777636
fr-041_debris_3840x2160_60p_422_ffvhuff_4_8s_1080p_crf38_hevc,1080p,3.2H,3.142857142857143,0.34729087518119,0.6629935441317958
monkeys_harmonic_0_cropped_8s_360p_crf38_hevc,360p,3.2H,1.375,0.3586366866542131,0.5175491695067657
ReadySetGoJockeyConcat_8s_0-8000.avi_360p_crf22_hevc,360p,3.2H,3.1666666666666665,0.6023325030053311,0.752772652709081
DialogMeridian_360p_crf22_hevc,360p,3.2H,2.6153846153846154,0.4174534257548822,0.7679476477883045
fr-041_debris_3840x2160_60p_422_ffvhuff_4_8s_1080p_crf30_hevc,1080p,3.2H,4.4,0.3200607784236873,0.5163977794943222
Sparks_8s_107000-115000.avi_720p_crf30_hevc,720p,3.2H,3.3,0.2993894439514019,0.4830458915396479
fr-041_debris_3840x2160_60p_422_ffvhuff_4_8s_1080p_crf22_hevc,1080p,3.2H,4.285714285714286,0.559989709868587,0.7559289460184545
AVT-Faces_lightingLoop__V8-0019_1080p_crf38_hevc,1080p,3.2H,2.5454545454545454,0.4063095944094466,0.6875516509523286
Chimera-EP09_8s_24000-32000.avi_720p_crf30_hevc,720p,3.2H,2.7777777777777777,0.4355475521200119,0.6666666666666666
venice_harmonic_2_cropped_8s_720p_crf30_hevc,720p,3.2H,3.4,0.3200607784236873,0.5163977794943223
american_football_harmonic_8s_720p_crf38_hevc,720p,3.2H,2.1666666666666665,0.326660664090009,0.5773502691896257
Rocket-2_8s_90000-98000.avi_2160p_crf30_hevc,2160p,3.2H,4.777777777777778,0.2880876267631237,0.4409585518440984
AVT-Faces_lightingLoop__V8-0019_720p_crf22_hevc,720p,3.2H,3.8333333333333335,0.3266606640900089,0.4082482904638629
CSGO_8s_23000-31000.avi_720p_crf30_hevc,720p,3.2H,3.3846153846153846,0.2752606374949473,0.5063696835418333
Reading_Stairs_ds_1080p_crf22_hevc,1080p,3.2H,4.166666666666667,0.6023325030053311,0.752772652709081
venice_harmonic_2_cropped_8s_360p_crf38_hevc,360p,3.2H,1.2857142857142858,0.2455717328848304,0.4688072309384954
american_football_harmonic_8s_2160p_crf38_hevc,2160p,3.2H,3.75,0.614236220175362,0.8864052604279183
AVT-Faces_lightingLoop__V8-0032_2160p_crf38_hevc,2160p,3.2H,3.2,0.733351372056518,0.8366600265340756
AVT-Faces_lightingLoop__V8-0019_360p_crf30_hevc,360p,3.2H,2.0,0.4685210055174612,0.9258200997725514
Knitting_Close_ds_720p_crf22_hevc,720p,3.2H,4.285714285714286,0.559989709868587,0.7559289460184544
monkeys_harmonic_0_cropped_8s_360p_crf30_hevc,360p,3.2H,2.071428571428572,0.3824144077839403,0.7300459115473716
fr-041_debris_3840x2160_60p_422_ffvhuff_4_8s_360p_crf30_hevc,360p,3.2H,2.25,0.3516864132178633,0.621581560508061
Rocket-2_8s_90000-98000.avi_1080p_crf30_hevc,1080p,3.2H,4.4,0.7839855938160216,0.8944271909999159
Moment_of_Intensity_8s_360p_crf30_hevc,360p,3.2H,2.0,0.7407967545337467,1.0690449676496976
Moment_of_Intensity_8s_720p_crf38_hevc,720p,3.2H,1.818181818181818,0.3563570880981916,0.6030226891555273
venice_harmonic_2_cropped_8s_2160p_crf30_hevc,2160p,3.2H,4.307692307692308,0.4646934396774454,0.8548504142651103
ElFuente_8s_224000-231750.avi_360p_crf22_hevc,360p,3.2H,2.272727272727273,0.4646327971681485,0.7862453931068966
Knitting_Close_ds_2160p_crf22_hevc,2160p,3.2H,4.666666666666667,0.2785771503567574,0.4923659639173309
Chimera-EP09_8s_24000-32000.avi_720p_crf38_hevc,720p,3.2H,1.5454545454545454,0.4063095944094466,0.6875516509523286
fr-041_debris_3840x2160_60p_422_ffvhuff_4_8s_360p_crf38_hevc,360p,3.2H,1.7142857142857142,0.559989709868587,0.7559289460184545
CSGO_8s_23000-31000.avi_720p_crf38_hevc,720p,3.2H,2.6,0.4800911676355309,0.5477225575051661
AVT-Faces_lightingLoop__V8-0019_360p_crf22_hevc,360p,3.2H,2.375,0.5155727212491418,0.7440238091428449
ReadySetGoJockeyConcat_8s_0-8000.avi_720p_crf38_hevc,720p,3.2H,1.8571428571428568,0.2799948549342935,0.3779644730092272
DialogMeridian_1080p_crf22_hevc,1080p,3.2H,4.5,0.3703983772668733,0.5345224838248488
fr-041_debris_3840x2160_60p_422_ffvhuff_4_8s_2160p_crf38_hevc,2160p,3.2H,4.5,0.3703983772668733,0.5345224838248488
ElFuente_8s_224000-231750.avi_2160p_crf22_hevc,2160p,3.2H,4.285714285714286,0.559989709868587,0.7559289460184545
CSGO_8s_23000-31000.avi_1080p_crf22_hevc,1080p,3.2H,4.684210526315789,0.2147363361471155,0.4775669329409192
Reading_Stairs_ds_360p_crf30_hevc,360p,3.2H,1.6875,0.2345653311280965,0.478713553878169
Rocket-2_8s_90000-98000.avi_2160p_crf38_hevc,2160p,3.2H,3.555555555555556,0.6623330825496799,1.0137937550497031
Rocket-2_8s_90000-98000.avi_360p_crf22_hevc,360p,3.2H,2.2,0.2613285312720071,0.4216370213557839
ReadySetGoJockeyConcat_8s_0-8000.avi_1080p_crf38_hevc,1080p,3.2H,3.142857142857143,0.2799948549342935,0.3779644730092272
american_football_harmonic_8s_360p_crf38_hevc,360p,3.2H,1.1111111111111112,0.217773776060006,0.3333333333333333
ElFuente_8s_224000-231750.avi_2160p_crf30_hevc,2160p,3.2H,4.0,0.8001519460592185,0.816496580927726
Moment_of_Intensity_8s_720p_crf22_hevc,720p,3.2H,4.125,0.4440920534700871,0.6408699444616557
Rocket-2_8s_90000-98000.avi_360p_crf38_hevc,360p,3.2H,1.375,0.5155727212491418,0.7440238091428449
AVT-Faces_lightingLoop__V8-0032_2160p_crf30_hevc,2160p,3.2H,4.666666666666667,0.413196688203041,0.5163977794943223
Moment_of_Intensity_8s_360p_crf22_hevc,360p,3.2H,3.0,0.457748967767713,0.7745966692414834
CSGO_8s_23000-31000.avi_1080p_crf38_hevc,1080p,3.2H,2.75,0.3516864132178633,0.621581560508061
american_football_harmonic_8s_360p_crf30_hevc,360p,3.2H,2.1818181818181817,0.4436609967854111,0.7507571935295483
Sparks_8s_107000-115000.avi_720p_crf22_hevc,720p,3.2H,3.8,0.569552329439294,0.9189365834726816
Sparks_8s_107000-115000.avi_360p_crf22_hevc,360p,3.2H,2.6,0.4333643426219527,0.6992058987801011
monkeys_harmonic_0_cropped_8s_720p_crf30_hevc,720p,3.2H,3.7,0.2993894439514019,0.4830458915396479
Knitting_Close_ds_1080p_crf22_hevc,1080p,3.2H,4.4,0.480091167635531,0.5477225575051662
ReadySetGoJockeyConcat_8s_0-8000.avi_2160p_crf30_hevc,2160p,3.2H,4.0,0.3138454143688612,0.5773502691896257
ReadySetGoJockeyConcat_8s_0-8000.avi_360p_crf38_hevc,360p,3.2H,1.1111111111111112,0.217773776060006,0.3333333333333333
Rocket-2_8s_90000-98000.avi_360p_crf30_hevc,360p,3.2H,2.125,0.4440920534700871,0.6408699444616557
Reading_Stairs_ds_360p_crf22_hevc,360p,3.2H,1.8888888888888888,0.3925972580178818,0.6009252125773316
AVT-Faces_lightingLoop__V8-0032_2160p_crf22_hevc,2160p,3.2H,4.8,0.3919927969080107,0.4472135954999579
CSGO_8s_23000-31000.avi_2160p_crf22_hevc,2160p,3.2H,4.75,0.2558894521397416,0.4522670168666454
Rocket-2_8s_90000-98000.avi_720p_crf22_hevc,720p,3.2H,3.8,0.3919927969080107,0.4472135954999579
venice_harmonic_2_cropped_8s_720p_crf22_hevc,720p,3.2H,4.5,0.326660664090009,0.5270462766947299
monkeys_harmonic_0_cropped_8s_2160p_crf22_hevc,2160p,3.2H,4.909090909090909,0.1781785440490958,0.3015113445777636
ReadySetGoJockeyConcat_8s_0-8000.avi_360p_crf30_hevc,360p,3.2H,2.0,0.0,0.0
CSGO_8s_23000-31000.avi_360p_crf38_hevc,360p,3.2H,1.3,0.2993894439514018,0.4830458915396479
venice_harmonic_2_cropped_8s_360p_crf30_hevc,360p,3.2H,2.0,0.5060605247526639,0.6324555320336759
CSGO_8s_23000-31000.avi_720p_crf22_hevc,720p,3.2H,3.727272727272727,0.3821504028173929,0.6466697906828632
AVT-Faces_lightingLoop__V8-0032_720p_crf22_hevc,720p,3.2H,3.4285714285714284,0.5828557695421709,0.7867957924694432
Knitting_Close_ds_360p_crf38_hevc,360p,3.2H,1.875,0.4440920534700871,0.6408699444616557
AVT-Faces_lightingLoop__V8-0019_1080p_crf22_hevc,1080p,3.2H,4.428571428571429,0.3959725212427651,0.5345224838248488
venice_harmonic_2_cropped_8s_1080p_crf30_hevc,1080p,3.2H,4.333333333333333,0.4619679414498925,0.7071067811865476
Rocket-2_8s_90000-98000.avi_1080p_crf22_hevc,1080p,3.2H,4.555555555555555,0.3443305735025341,0.5270462766947298
Knitting_Close_ds_1080p_crf30_hevc,1080p,3.2H,4.125,0.4440920534700871,0.6408699444616557
venice_harmonic_2_cropped_8s_1080p_crf22_hevc,1080p,3.2H,4.2727272727272725,0.4646327971681485,0.7862453931068965
DialogMeridian_2160p_crf38_hevc,2160p,3.2H,2.625,0.3586366866542131,0.5175491695067657
monkeys_harmonic_0_cropped_8s_720p_crf22_hevc,720p,3.2H,4.181818181818182,0.3563570880981916,0.6030226891555273
monkeys_harmonic_0_cropped_8s_720p_crf38_hevc,720p,3.2H,1.818181818181818,0.2390516019754313,0.4045199174779452
Knitting_Close_ds_720p_crf38_hevc,720p,3.2H,2.5454545454545454,0.5520660270029062,0.9341987329938276
DialogMeridian_2160p_crf22_hevc,2160p,3.2H,4.833333333333333,0.326660664090009,0.408248290463863
Sparks_8s_107000-115000.avi_1080p_crf38_hevc,1080p,3.2H,2.4285714285714284,0.2690103551733096,0.5135525910130956
Chimera-EP09_8s_24000-32000.avi_1080p_crf30_hevc,1080p,3.2H,3.692307692307693,0.5607485505996586,1.0315534712764842
DialogMeridian_2160p_crf30_hevc,2160p,3.2H,4.428571428571429,0.3959725212427651,0.5345224838248488
CSGO_8s_23000-31000.avi_1080p_crf30_hevc,1080p,3.2H,4.166666666666667,0.326660664090009,0.408248290463863
Sparks_8s_107000-115000.avi_360p_crf38_hevc,360p,3.2H,1.0,0.0,0.0
Rocket-2_8s_90000-98000.avi_2160p_crf22_hevc,2160p,3.2H,4.833333333333333,0.2202345748016354,0.3892494720807615
american_football_harmonic_8s_720p_crf22_hevc,720p,3.2H,4.307692307692308,0.2611351694021935,0.4803844614152614
Chimera-EP09_8s_24000-32000.avi_1080p_crf22_hevc,1080p,3.2H,4.2,0.4889009147043453,0.7888106377466155
ReadySetGoJockeyConcat_8s_0-8000.avi_2160p_crf22_hevc,2160p,3.2H,4.363636363636363,0.4781032039508626,0.8090398349558905
Reading_Stairs_ds_1080p_crf38_hevc,1080p,3.2H,3.0,0.4619679414498925,0.7071067811865476
Rocket-2_8s_90000-98000.avi_720p_crf30_hevc,720p,3.2H,3.5384615384615383,0.4767654094650474,0.8770580193070292
Chimera-EP09_8s_24000-32000.avi_2160p_crf30_hevc,2160p,3.2H,4.333333333333333,0.3685229303945142,0.6513389472789296
Moment_of_Intensity_8s_2160p_crf38_hevc,2160p,3.2H,2.857142857142857,0.5111983267763306,0.6900655593423541
Chimera-EP09_8s_24000-32000.avi_2160p_crf38_hevc,2160p,3.2H,3.2222222222222223,0.4355475521200119,0.6666666666666666
Knitting_Close_ds_1080p_crf38_hevc,1080p,3.2H,2.8181818181818183,0.3563570880981916,0.6030226891555273
Sparks_8s_107000-115000.avi_360p_crf30_hevc,360p,3.2H,2.333333333333333,0.3685229303945142,0.6513389472789296
venice_harmonic_2_cropped_8s_1080p_crf38_hevc,1080p,3.2H,2.9,0.4573249297260126,0.7378647873726218
Knitting_Close_ds_2160p_crf30_hevc,2160p,3.2H,4.8,0.2613285312720071,0.4216370213557839
fr-041_debris_3840x2160_60p_422_ffvhuff_4_8s_360p_crf22_hevc,360p,3.2H,2.6,0.3200607784236873,0.5163977794943223
monkeys_harmonic_0_cropped_8s_1080p_crf38_hevc,1080p,3.2H,3.2222222222222223,0.2880876267631237,0.4409585518440984
DialogMeridian_1080p_crf38_hevc,1080p,3.2H,2.0,0.4276992056448598,0.5773502691896257
Moment_of_Intensity_8s_2160p_crf22_hevc,2160p,3.2H,4.444444444444445,0.4746269411994117,0.7264831572567788
Chimera-EP09_8s_24000-32000.avi_360p_crf38_hevc,360p,3.2H,1.1,0.1959963984540054,0.3162277660168379
american_football_harmonic_8s_720p_crf30_hevc,720p,3.2H,3.857142857142857,0.5111983267763306,0.6900655593423541
Reading_Stairs_ds_360p_crf38_hevc,360p,3.2H,1.0,0.0,0.0
AVT-Faces_lightingLoop__V8-0032_720p_crf38_hevc,720p,3.2H,2.0,0.506060524752664,0.816496580927726
CSGO_8s_23000-31000.avi_360p_crf30_hevc,360p,3.2H,1.6666666666666667,0.413196688203041,0.5163977794943223
venice_harmonic_2_cropped_8s_720p_crf38_hevc,720p,3.2H,1.9166666666666667,0.4486519385257765,0.7929614610987591
fr-041_debris_3840x2160_60p_422_ffvhuff_4_8s_720p_crf30_hevc,720p,3.2H,3.733333333333333,0.4864001263623284,0.961150104723255
american_football_harmonic_8s_2160p_crf30_hevc,2160p,3.2H,4.777777777777778,0.2880876267631237,0.4409585518440984
ElFuente_8s_224000-231750.avi_360p_crf30_hevc,360p,3.2H,1.6666666666666667,0.6533213281800181,0.816496580927726
DialogMeridian_720p_crf22_hevc,720p,3.2H,4.0,0.506060524752664,0.816496580927726
ElFuente_8s_224000-231750.avi_720p_crf38_hevc,720p,3.2H,1.5,0.4382612702882907,0.5477225575051661
Chimera-EP09_8s_24000-32000.avi_360p_crf30_hevc,360p,3.2H,1.8888888888888888,0.5107247756540552,0.7817359599705717
AVT-Faces_lightingLoop__V8-0019_2160p_crf38_hevc,2160p,3.2H,3.4285714285714284,0.8399845648028804,1.1338934190276817
monkeys_harmonic_0_cropped_8s_2160p_crf30_hevc,2160p,3.2H,4.8,0.2613285312720071,0.4216370213557839
Chimera-EP09_8s_24000-32000.avi_720p_crf22_hevc,720p,3.2H,3.5,0.4382612702882908,0.7071067811865476
AVT-Faces_lightingLoop__V8-0032_1080p_crf38_hevc,1080p,3.2H,1.818181818181818,0.4436609967854111,0.7507571935295484
CSGO_8s_23000-31000.avi_2160p_crf30_hevc,2160p,3.2H,4.916666666666667,0.1633303320450045,0.2886751345948129
AVT-Faces_lightingLoop__V8-0032_1080p_crf30_hevc,1080p,3.2H,3.8,0.569552329439294,0.9189365834726816
Rocket-2_8s_90000-98000.avi_1080p_crf38_hevc,1080p,3.2H,2.9,0.3518243024265405,0.5676462121975467
monkeys_harmonic_0_cropped_8s_2160p_crf38_hevc,2160p,3.2H,3.5,0.6694551484211978,0.8366600265340756
ElFuente_8s_224000-231750.avi_1080p_crf38_hevc,1080p,3.2H,2.3684210526315788,0.4789322699293117,1.065130472748108
venice_harmonic_2_cropped_8s_2160p_crf22_hevc,2160p,3.2H,4.6,0.3200607784236873,0.5163977794943222
venice_harmonic_2_cropped_8s_360p_crf22_hevc,360p,3.2H,2.142857142857143,0.5111983267763306,0.6900655593423541
ReadySetGoJockeyConcat_8s_0-8000.avi_720p_crf22_hevc,720p,3.2H,4.0,0.4619679414498925,0.7071067811865476
fr-041_debris_3840x2160_60p_422_ffvhuff_4_8s_2160p_crf30_hevc,2160p,3.2H,4.875,0.2449954980675067,0.3535533905932738
AVT-Faces_lightingLoop__V8-0019_2160p_crf30_hevc,2160p,3.2H,4.5,0.326660664090009,0.5270462766947299
monkeys_harmonic_0_cropped_8s_360p_crf22_hevc,360p,3.2H,3.0,0.6048580172391601,0.816496580927726
Sparks_8s_107000-115000.avi_2160p_crf22_hevc,2160p,3.2H,4.75,0.4899909961350135,0.7071067811865476
Chimera-EP09_8s_24000-32000.avi_360p_crf22_hevc,360p,3.2H,2.375,0.5155727212491418,0.7440238091428449
AVT-Faces_lightingLoop__V8-0019_1080p_crf30_hevc,1080p,3.2H,3.5,0.526724494024805,0.8498365855987975
Moment_of_Intensity_8s_2160p_crf30_hevc,2160p,3.2H,3.9,0.5426894534813469,0.8755950357709131
Moment_of_Intensity_8s_720p_crf30_hevc,720p,3.2H,3.4285714285714284,0.3959725212427651,0.5345224838248487
Sparks_8s_107000-115000.avi_2160p_crf38_hevc,2160p,3.2H,3.5,0.4382612702882907,0.5477225575051661
Chimera-EP09_8s_24000-32000.avi_2160p_crf22_hevc,2160p,3.2H,4.166666666666667,0.7867030563621887,0.983192080250175
Knitting_Close_ds_360p_crf22_hevc,360p,3.2H,3.230769230769231,0.5935681479633828,1.0919284281983377
Chimera-EP09_8s_24000-32000.avi_1080p_crf38_hevc,1080p,3.2H,2.142857142857143,0.6665210722911648,0.8997354108424372
AVT-Faces_lightingLoop__V8-0032_720p_crf30_hevc,720p,3.2H,3.4285714285714284,0.3959725212427651,0.5345224838248488
american_football_harmonic_8s_360p_crf22_hevc,360p,3.2H,2.833333333333333,0.326660664090009,0.5773502691896257
Sparks_8s_107000-115000.avi_2160p_crf30_hevc,2160p,3.2H,4.714285714285714,0.559989709868587,0.7559289460184545
fr-041_debris_3840x2160_60p_422_ffvhuff_4_8s_720p_crf22_hevc,720p,3.2H,4.2,0.733351372056518,0.8366600265340756
Reading_Stairs_ds_1080p_crf30_hevc,1080p,3.2H,3.866666666666666,0.3238486117904989,0.6399404734221844
CSGO_8s_23000-31000.avi_360p_crf22_hevc,360p,3.2H,2.5,0.839206440907474,1.0488088481701516
AVT-Faces_lightingLoop__V8-0019_2160p_crf22_hevc,2160p,3.2H,4.583333333333333,0.2913429575115897,0.5149286505444373
Sparks_8s_107000-115000.avi_1080p_crf30_hevc,1080p,3.2H,3.6,0.5226570625440145,0.8432740427115678
Rocket-2_8s_90000-98000.avi_720p_crf38_hevc,720p,3.2H,1.75,0.4899909961350135,0.7071067811865476
Sparks_8s_107000-115000.avi_720p_crf38_hevc,720p,3.2H,1.5,0.3703983772668733,0.5345224838248488
american_football_harmonic_8s_1080p_crf22_hevc,1080p,3.2H,4.4,0.4333643426219527,0.6992058987801011
venice_harmonic_2_cropped_8s_2160p_crf38_hevc,2160p,3.2H,4.083333333333333,0.4486519385257765,0.7929614610987591
ElFuente_8s_224000-231750.avi_1080p_crf30_hevc,1080p,3.2H,3.6,0.6662596402072536,1.07496769977314
Moment_of_Intensity_8s_360p_crf38_hevc,360p,3.2H,1.0,0.0,0.0
AVT-Faces_lightingLoop__V8-0032_360p_crf30_hevc,360p,3.2H,1.7142857142857142,0.3614718033947601,0.4879500364742666
Sparks_8s_107000-115000.avi_1080p_crf22_hevc,1080p,3.2H,4.0,0.6048580172391601,0.816496580927726
monkeys_harmonic_0_cropped_8s_1080p_crf22_hevc,1080p,3.2H,4.666666666666667,0.3123473370116407,0.6172133998483675
Knitting_Close_ds_720p_crf30_hevc,720p,3.2H,4.0,0.5238224086117986,0.7559289460184544
AVT-Faces_lightingLoop__V8-0019_720p_crf38_hevc,720p,3.2H,2.0,0.4276992056448598,0.5773502691896257
Reading_Stairs_ds_2160p_crf22_hevc,2160p,3.2H,4.8,0.3919927969080107,0.4472135954999579
american_football_harmonic_8s_1080p_crf30_hevc,1080p,3.2H,4.111111111111111,0.6062565347529135,0.927960727138337
Reading_Stairs_ds_720p_crf38_hevc,720p,3.2H,1.25,0.3207744042336448,0.4629100498862757
fr-041_debris_3840x2160_60p_422_ffvhuff_4_8s_2160p_crf22_hevc,2160p,3.2H,4.666666666666667,0.413196688203041,0.5163977794943223
CSGO_8s_23000-31000.avi_2160p_crf38_hevc,2160p,3.2H,4.1,0.5426894534813469,0.8755950357709131
ElFuente_8s_224000-231750.avi_720p_crf30_hevc,720p,3.2H,3.0,0.413196688203041,0.6666666666666666
Knitting_Close_ds_2160p_crf38_hevc,2160p,3.2H,3.615384615384616,0.4727756706247351,0.869718492622904
Reading_Stairs_ds_2160p_crf30_hevc,2160p,4.8H,4.125,0.4440920534700871,0.6408699444616557
Reading_Stairs_ds_2160p_crf38_hevc,2160p,4.8H,4.571428571428571,0.3959725212427651,0.5345224838248488
ElFuente_8s_224000-231750.avi_720p_crf22_hevc,720p,4.8H,4.4,0.7839855938160216,0.8944271909999159
ElFuente_8s_224000-231750.avi_1080p_crf22_hevc,1080p,4.8H,4.0,0.4619679414498925,0.7071067811865476
DialogMeridian_360p_crf38_hevc,360p,4.8H,1.0,0.0,0.0
american_football_harmonic_8s_2160p_crf22_hevc,2160p,4.8H,4.6,0.4333643426219527,0.6992058987801011
DialogMeridian_1080p_crf30_hevc,1080p,4.8H,3.7142857142857135,0.559989709868587,0.7559289460184545
ReadySetGoJockeyConcat_8s_0-8000.avi_2160p_crf38_hevc,2160p,4.8H,4.666666666666667,0.413196688203041,0.5163977794943223
monkeys_harmonic_0_cropped_8s_1080p_crf30_hevc,1080p,4.8H,4.333333333333333,0.3685229303945142,0.6513389472789296
ElFuente_8s_224000-231750.avi_2160p_crf38_hevc,2160p,4.8H,3.375,0.6348308347726804,0.9161253813129044
american_football_harmonic_8s_1080p_crf38_hevc,1080p,4.8H,3.555555555555556,0.4746269411994117,0.7264831572567788
Moment_of_Intensity_8s_1080p_crf22_hevc,1080p,4.8H,4.125,0.4440920534700871,0.6408699444616557
ReadySetGoJockeyConcat_8s_0-8000.avi_1080p_crf22_hevc,1080p,4.8H,4.2727272727272725,0.5345356321472874,0.9045340337332908
Reading_Stairs_ds_720p_crf30_hevc,720p,4.8H,3.5,0.9799819922700272,1.224744871391589
ReadySetGoJockeyConcat_8s_0-8000.avi_1080p_crf30_hevc,1080p,4.8H,4.2727272727272725,0.3821504028173929,0.6466697906828632
AVT-Faces_lightingLoop__V8-0019_360p_crf38_hevc,360p,4.8H,1.25,0.4899909961350135,0.5
Reading_Stairs_ds_720p_crf22_hevc,720p,4.8H,4.142857142857143,0.5111983267763307,0.6900655593423543
ElFuente_8s_224000-231750.avi_360p_crf38_hevc,360p,4.8H,1.0,0.0,0.0
DialogMeridian_720p_crf30_hevc,720p,4.8H,3.4285714285714284,0.2690103551733096,0.5135525910130956
AVT-Faces_lightingLoop__V8-0019_720p_crf30_hevc,720p,4.8H,3.857142857142857,0.2799948549342935,0.3779644730092273
Moment_of_Intensity_8s_1080p_crf30_hevc,1080p,4.8H,3.8,0.7036486048530811,1.1352924243950937
ReadySetGoJockeyConcat_8s_0-8000.avi_720p_crf30_hevc,720p,4.8H,3.4,0.4800911676355309,0.5477225575051661
AVT-Faces_lightingLoop__V8-0032_360p_crf22_hevc,360p,4.8H,3.0,0.3843805616580308,0.7071067811865476
AVT-Faces_lightingLoop__V8-0032_360p_crf38_hevc,360p,4.8H,1.0666666666666669,0.1306642656360036,0.2581988897471611
DialogMeridian_360p_crf30_hevc,360p,4.8H,2.1818181818181817,0.2390516019754313,0.4045199174779452
Moment_of_Intensity_8s_1080p_crf38_hevc,1080p,4.8H,2.363636363636364,0.2981497307838389,0.504524979109513
DialogMeridian_720p_crf38_hevc,720p,4.8H,1.8,0.3919927969080108,0.4472135954999579
fr-041_debris_3840x2160_60p_422_ffvhuff_4_8s_720p_crf38_hevc,720p,4.8H,3.1818181818181817,0.2390516019754313,0.4045199174779452
AVT-Faces_lightingLoop__V8-0032_1080p_crf22_hevc,1080p,4.8H,4.230769230769231,0.3941132553416032,0.7250110520819842
Knitting_Close_ds_360p_crf30_hevc,360p,4.8H,3.083333333333333,0.5636456377851906,0.996204919895622
fr-041_debris_3840x2160_60p_422_ffvhuff_4_8s_1080p_crf38_hevc,1080p,4.8H,4.0,0.5060605247526639,0.6324555320336759
monkeys_harmonic_0_cropped_8s_360p_crf38_hevc,360p,4.8H,1.375,0.3586366866542131,0.5175491695067657
ReadySetGoJockeyConcat_8s_0-8000.avi_360p_crf22_hevc,360p,4.8H,3.0,0.7156776574868629,0.8944271909999159
DialogMeridian_360p_crf22_hevc,360p,4.8H,3.5,0.6694551484211978,0.8366600265340756
fr-041_debris_3840x2160_60p_422_ffvhuff_4_8s_1080p_crf30_hevc,1080p,4.8H,4.6,0.480091167635531,0.5477225575051662
Sparks_8s_107000-115000.avi_720p_crf30_hevc,720p,4.8H,3.555555555555556,0.4746269411994117,0.7264831572567788
fr-041_debris_3840x2160_60p_422_ffvhuff_4_8s_1080p_crf22_hevc,1080p,4.8H,4.7,0.2993894439514019,0.4830458915396479
AVT-Faces_lightingLoop__V8-0019_1080p_crf38_hevc,1080p,4.8H,2.5,0.526724494024805,0.8498365855987975
Chimera-EP09_8s_24000-32000.avi_720p_crf30_hevc,720p,4.8H,3.2,0.4889009147043453,0.7888106377466155
venice_harmonic_2_cropped_8s_720p_crf30_hevc,720p,4.8H,4.222222222222222,0.4355475521200119,0.6666666666666666
american_football_harmonic_8s_720p_crf38_hevc,720p,4.8H,2.6,0.3200607784236873,0.5163977794943223
Rocket-2_8s_90000-98000.avi_2160p_crf30_hevc,2160p,4.8H,4.545454545454546,0.3086142911116831,0.5222329678670935
AVT-Faces_lightingLoop__V8-0019_720p_crf22_hevc,720p,4.8H,4.0,0.3737504671055335,0.6324555320336759
CSGO_8s_23000-31000.avi_720p_crf30_hevc,720p,4.8H,3.142857142857143,0.6665210722911649,0.8997354108424372
Reading_Stairs_ds_1080p_crf22_hevc,1080p,4.8H,4.2,0.2613285312720071,0.4216370213557839
venice_harmonic_2_cropped_8s_360p_crf38_hevc,360p,4.8H,1.5833333333333333,0.2913429575115897,0.5149286505444373
american_football_harmonic_8s_2160p_crf38_hevc,2160p,4.8H,4.428571428571429,0.3959725212427651,0.5345224838248488
AVT-Faces_lightingLoop__V8-0032_2160p_crf38_hevc,2160p,4.8H,3.571428571428572,0.3959725212427651,0.5345224838248488
AVT-Faces_lightingLoop__V8-0019_360p_crf30_hevc,360p,4.8H,2.3,0.2993894439514019,0.4830458915396479
Knitting_Close_ds_720p_crf22_hevc,720p,4.8H,4.5,0.2954756881513314,0.5222329678670935
monkeys_harmonic_0_cropped_8s_360p_crf30_hevc,360p,4.8H,2.25,0.3207744042336448,0.4629100498862757
fr-041_debris_3840x2160_60p_422_ffvhuff_4_8s_360p_crf30_hevc,360p,4.8H,2.375,0.6348308347726804,0.9161253813129044
Rocket-2_8s_90000-98000.avi_1080p_crf30_hevc,1080p,4.8H,4.214285714285714,0.3032587193930114,0.5789342235218395
Moment_of_Intensity_8s_360p_crf30_hevc,360p,4.8H,1.8,0.2613285312720072,0.4216370213557839
Moment_of_Intensity_8s_720p_crf38_hevc,720p,4.8H,1.6666666666666667,0.413196688203041,0.5163977794943222
venice_harmonic_2_cropped_8s_2160p_crf30_hevc,2160p,4.8H,4.6,0.3200607784236873,0.5163977794943222
ElFuente_8s_224000-231750.avi_360p_crf22_hevc,360p,4.8H,2.923076923076923,0.6455434160826723,1.1875421719907089
Knitting_Close_ds_2160p_crf22_hevc,2160p,4.8H,4.833333333333333,0.326660664090009,0.408248290463863
Chimera-EP09_8s_24000-32000.avi_720p_crf38_hevc,720p,4.8H,1.6666666666666667,0.4619679414498925,0.7071067811865476
fr-041_debris_3840x2160_60p_422_ffvhuff_4_8s_360p_crf38_hevc,360p,4.8H,1.625,0.5155727212491418,0.7440238091428449
CSGO_8s_23000-31000.avi_720p_crf38_hevc,720p,4.8H,2.4,0.5226570625440145,0.8432740427115678
AVT-Faces_lightingLoop__V8-0019_360p_crf22_hevc,360p,4.8H,2.6,0.5226570625440145,0.8432740427115678
ReadySetGoJockeyConcat_8s_0-8000.avi_720p_crf38_hevc,720p,4.8H,2.111111111111111,0.5107247756540552,0.7817359599705717
DialogMeridian_1080p_crf22_hevc,1080p,4.8H,4.777777777777778,0.2880876267631237,0.4409585518440984
fr-041_debris_3840x2160_60p_422_ffvhuff_4_8s_2160p_crf38_hevc,2160p,4.8H,4.333333333333333,0.6533213281800179,0.816496580927726
ElFuente_8s_224000-231750.avi_2160p_crf22_hevc,2160p,4.8H,3.923076923076923,0.5641164400434755,1.0377490433255416
CSGO_8s_23000-31000.avi_1080p_crf22_hevc,1080p,4.8H,4.75,0.3207744042336448,0.4629100498862757
Reading_Stairs_ds_360p_crf30_hevc,360p,4.8H,1.5,0.3703983772668733,0.5345224838248488
Rocket-2_8s_90000-98000.avi_2160p_crf38_hevc,2160p,4.8H,3.75,0.5461639843664642,0.9653072991634228
Rocket-2_8s_90000-98000.avi_360p_crf22_hevc,360p,4.8H,2.7,0.5879891953620162,0.9486832980505138
ReadySetGoJockeyConcat_8s_0-8000.avi_1080p_crf38_hevc,1080p,4.8H,3.1,0.3518243024265405,0.5676462121975467
american_football_harmonic_8s_360p_crf38_hevc,360p,4.8H,1.3,0.2993894439514019,0.4830458915396479
ElFuente_8s_224000-231750.avi_2160p_crf30_hevc,2160p,4.8H,3.333333333333333,0.3685229303945142,0.6513389472789296
Moment_of_Intensity_8s_720p_crf22_hevc,720p,4.8H,4.083333333333333,0.2913429575115897,0.5149286505444371
Rocket-2_8s_90000-98000.avi_360p_crf38_hevc,360p,4.8H,1.375,0.5155727212491418,0.7440238091428449
AVT-Faces_lightingLoop__V8-0032_2160p_crf30_hevc,2160p,4.8H,4.375,0.5155727212491418,0.7440238091428449
Moment_of_Intensity_8s_360p_crf22_hevc,360p,4.8H,3.75,0.7172733733084262,1.035098339013531
CSGO_8s_23000-31000.avi_1080p_crf38_hevc,1080p,4.8H,3.5,0.3703983772668733,0.5345224838248488
american_football_harmonic_8s_360p_crf30_hevc,360p,4.8H,2.875,0.2449954980675067,0.3535533905932738
Sparks_8s_107000-115000.avi_720p_crf22_hevc,720p,4.8H,4.333333333333333,0.413196688203041,0.5163977794943223
Sparks_8s_107000-115000.avi_360p_crf22_hevc,360p,4.8H,2.8666666666666667,0.3238486117904989,0.6399404734221844
monkeys_harmonic_0_cropped_8s_720p_crf30_hevc,720p,4.8H,3.75,0.4899909961350135,0.7071067811865476
Knitting_Close_ds_1080p_crf22_hevc,1080p,4.8H,4.5,0.6023325030053313,0.97182531580755
ReadySetGoJockeyConcat_8s_0-8000.avi_2160p_crf30_hevc,2160p,4.8H,4.555555555555555,0.3443305735025341,0.5270462766947298
ReadySetGoJockeyConcat_8s_0-8000.avi_360p_crf38_hevc,360p,4.8H,1.2142857142857142,0.2230516032075273,0.42581531362632
Rocket-2_8s_90000-98000.avi_360p_crf30_hevc,360p,4.8H,2.4285714285714284,0.3959725212427651,0.5345224838248488
Reading_Stairs_ds_360p_crf22_hevc,360p,4.8H,2.571428571428572,0.3959725212427651,0.5345224838248488
AVT-Faces_lightingLoop__V8-0032_2160p_crf22_hevc,2160p,4.8H,4.75,0.3207744042336448,0.4629100498862757
CSGO_8s_23000-31000.avi_2160p_crf22_hevc,2160p,4.8H,4.363636363636363,0.4781032039508626,0.8090398349558905
Rocket-2_8s_90000-98000.avi_720p_crf22_hevc,720p,4.8H,4.357142857142857,0.3317491427050065,0.6333236937766509
venice_harmonic_2_cropped_8s_720p_crf22_hevc,720p,4.8H,3.8,0.733351372056518,0.8366600265340756
monkeys_harmonic_0_cropped_8s_2160p_crf22_hevc,2160p,4.8H,4.5,0.4382612702882907,0.5477225575051661
ReadySetGoJockeyConcat_8s_0-8000.avi_360p_crf30_hevc,360p,4.8H,2.142857142857143,0.5111983267763306,0.6900655593423541
CSGO_8s_23000-31000.avi_360p_crf38_hevc,360p,4.8H,1.5454545454545454,0.3086142911116831,0.5222329678670935
venice_harmonic_2_cropped_8s_360p_crf30_hevc,360p,4.8H,2.0,0.3411859361863222,0.6030226891555273
CSGO_8s_23000-31000.avi_720p_crf22_hevc,720p,4.8H,4.625,0.3586366866542131,0.5175491695067657
AVT-Faces_lightingLoop__V8-0032_720p_crf22_hevc,720p,4.8H,4.0,0.7407967545337467,1.0690449676496976
Knitting_Close_ds_360p_crf38_hevc,360p,4.8H,1.5714285714285714,0.3959725212427651,0.5345224838248488
AVT-Faces_lightingLoop__V8-0019_1080p_crf22_hevc,1080p,4.8H,4.111111111111111,0.3925972580178818,0.6009252125773316
venice_harmonic_2_cropped_8s_1080p_crf30_hevc,1080p,4.8H,4.5,0.4382612702882908,0.7071067811865476
Rocket-2_8s_90000-98000.avi_1080p_crf22_hevc,1080p,4.8H,4.857142857142857,0.2799948549342935,0.3779644730092272
Knitting_Close_ds_1080p_crf30_hevc,1080p,4.8H,4.3,0.4183297631301294,0.6749485577105528
venice_harmonic_2_cropped_8s_1080p_crf22_hevc,1080p,4.8H,4.6,0.4333643426219527,0.699205898780101
DialogMeridian_2160p_crf38_hevc,2160p,4.8H,3.375,0.3586366866542131,0.5175491695067657
monkeys_harmonic_0_cropped_8s_720p_crf22_hevc,720p,4.8H,4.571428571428571,0.3959725212427651,0.5345224838248488
monkeys_harmonic_0_cropped_8s_720p_crf38_hevc,720p,4.8H,2.555555555555556,0.3443305735025341,0.5270462766947298
Knitting_Close_ds_720p_crf38_hevc,720p,4.8H,2.333333333333333,0.326660664090009,0.5
DialogMeridian_2160p_crf22_hevc,2160p,4.8H,4.75,0.3516864132178633,0.621581560508061
Sparks_8s_107000-115000.avi_1080p_crf38_hevc,1080p,4.8H,2.6666666666666665,0.326660664090009,0.5
Chimera-EP09_8s_24000-32000.avi_1080p_crf30_hevc,1080p,4.8H,3.2857142857142856,0.36147180339476,0.4879500364742665
DialogMeridian_2160p_crf30_hevc,2160p,4.8H,4.6,0.3200607784236873,0.5163977794943222
CSGO_8s_23000-31000.avi_1080p_crf30_hevc,1080p,4.8H,4.454545454545454,0.3086142911116831,0.5222329678670935
Sparks_8s_107000-115000.avi_360p_crf38_hevc,360p,4.8H,1.0,0.0,0.0
Rocket-2_8s_90000-98000.avi_2160p_crf22_hevc,2160p,4.8H,5.0,0.0,0.0
american_football_harmonic_8s_720p_crf22_hevc,720p,4.8H,4.0,0.4619679414498925,0.7071067811865476
Chimera-EP09_8s_24000-32000.avi_1080p_crf22_hevc,1080p,4.8H,3.909090909090909,0.5577870712760064,0.9438798074485388
ReadySetGoJockeyConcat_8s_0-8000.avi_2160p_crf22_hevc,2160p,4.8H,4.375,0.3586366866542131,0.5175491695067657
Reading_Stairs_ds_1080p_crf38_hevc,1080p,4.8H,3.583333333333333,0.6588658801650085,1.164500152881315
Rocket-2_8s_90000-98000.avi_720p_crf30_hevc,720p,4.8H,3.75,0.4899909961350135,0.5
Chimera-EP09_8s_24000-32000.avi_2160p_crf30_hevc,2160p,4.8H,3.4,0.5226570625440145,0.8432740427115678
Moment_of_Intensity_8s_2160p_crf38_hevc,2160p,4.8H,3.75,0.4899909961350135,0.8660254037844386
Chimera-EP09_8s_24000-32000.avi_2160p_crf38_hevc,2160p,4.8H,3.4166666666666665,0.4486519385257765,0.7929614610987591
Knitting_Close_ds_1080p_crf38_hevc,1080p,4.8H,3.1,0.4573249297260127,0.7378647873726218
Sparks_8s_107000-115000.avi_360p_crf30_hevc,360p,4.8H,2.0,0.7156776574868629,0.8944271909999159
venice_harmonic_2_cropped_8s_1080p_crf38_hevc,1080p,4.8H,3.125,0.4440920534700871,0.6408699444616557
Knitting_Close_ds_2160p_crf30_hevc,2160p,4.8H,4.5,0.4382612702882908,0.7071067811865476
fr-041_debris_3840x2160_60p_422_ffvhuff_4_8s_360p_crf22_hevc,360p,4.8H,3.1818181818181817,0.5164104819805915,0.8738628975053029
monkeys_harmonic_0_cropped_8s_1080p_crf38_hevc,1080p,4.8H,3.6,0.4333643426219527,0.6992058987801011
DialogMeridian_1080p_crf38_hevc,1080p,4.8H,2.2222222222222223,0.2880876267631237,0.4409585518440984
Moment_of_Intensity_8s_2160p_crf22_hevc,2160p,4.8H,4.444444444444445,0.3443305735025341,0.5270462766947298
Chimera-EP09_8s_24000-32000.avi_360p_crf38_hevc,360p,4.8H,1.2,0.2095289634447194,0.4140393356054125
american_football_harmonic_8s_720p_crf30_hevc,720p,4.8H,4.285714285714286,0.36147180339476,0.4879500364742665
Reading_Stairs_ds_360p_crf38_hevc,360p,4.8H,1.0,0.0,0.0
AVT-Faces_lightingLoop__V8-0032_720p_crf38_hevc,720p,4.8H,1.6,0.3200607784236873,0.5163977794943223
CSGO_8s_23000-31000.avi_360p_crf30_hevc,360p,4.8H,2.1,0.5426894534813468,0.8755950357709131
venice_harmonic_2_cropped_8s_720p_crf38_hevc,720p,4.8H,2.555555555555556,0.7385068054550932,1.130388330520878
fr-041_debris_3840x2160_60p_422_ffvhuff_4_8s_720p_crf30_hevc,720p,4.8H,4.076923076923077,0.5186307799071928,0.9540735874430286
american_football_harmonic_8s_2160p_crf30_hevc,2160p,4.8H,4.538461538461538,0.3588959620029349,0.6602252917735247
ElFuente_8s_224000-231750.avi_360p_crf30_hevc,360p,4.8H,2.066666666666667,0.2316429848194089,0.4577377082170634
DialogMeridian_720p_crf22_hevc,720p,4.8H,4.428571428571429,0.3959725212427651,0.5345224838248488
ElFuente_8s_224000-231750.avi_720p_crf38_hevc,720p,4.8H,1.3636363636363635,0.2981497307838389,0.504524979109513
Chimera-EP09_8s_24000-32000.avi_360p_crf30_hevc,360p,4.8H,1.8571428571428568,0.2799948549342935,0.3779644730092273
AVT-Faces_lightingLoop__V8-0019_2160p_crf38_hevc,2160p,4.8H,3.3,0.5102602691680891,0.8232726023485646
monkeys_harmonic_0_cropped_8s_2160p_crf30_hevc,2160p,4.8H,4.571428571428571,0.3959725212427651,0.5345224838248488
Chimera-EP09_8s_24000-32000.avi_720p_crf22_hevc,720p,4.8H,3.888888888888889,0.6062565347529135,0.927960727138337
AVT-Faces_lightingLoop__V8-0032_1080p_crf38_hevc,1080p,4.8H,2.8,0.733351372056518,0.8366600265340756
CSGO_8s_23000-31000.avi_2160p_crf30_hevc,2160p,4.8H,4.571428571428571,0.3959725212427651,0.5345224838248488
AVT-Faces_lightingLoop__V8-0032_1080p_crf30_hevc,1080p,4.8H,3.4,0.9993894603108804,1.140175425099138
Rocket-2_8s_90000-98000.avi_1080p_crf38_hevc,1080p,4.8H,3.272727272727273,0.3821504028173929,0.6466697906828633
monkeys_harmonic_0_cropped_8s_2160p_crf38_hevc,2160p,4.8H,4.5,0.5657928670380858,0.5773502691896257
ElFuente_8s_224000-231750.avi_1080p_crf38_hevc,1080p,4.8H,2.5,0.5238224086117986,0.7559289460184544
venice_harmonic_2_cropped_8s_2160p_crf22_hevc,2160p,4.8H,4.384615384615385,0.3535786908374227,0.6504436355879908
venice_harmonic_2_cropped_8s_360p_crf22_hevc,360p,4.8H,2.7142857142857144,0.3614718033947601,0.4879500364742666
ReadySetGoJockeyConcat_8s_0-8000.avi_720p_crf22_hevc,720p,4.8H,4.4,0.3200607784236873,0.5163977794943222
fr-041_debris_3840x2160_60p_422_ffvhuff_4_8s_2160p_crf30_hevc,2160p,4.8H,4.5,0.2954756881513314,0.5222329678670935
AVT-Faces_lightingLoop__V8-0019_2160p_crf30_hevc,2160p,4.8H,4.5,0.3703983772668733,0.5345224838248488
monkeys_harmonic_0_cropped_8s_360p_crf22_hevc,360p,4.8H,3.2,0.3919927969080108,0.6324555320336759
Sparks_8s_107000-115000.avi_2160p_crf22_hevc,2160p,4.8H,4.333333333333333,0.4404691496032707,0.7784989441615229
Chimera-EP09_8s_24000-32000.avi_360p_crf22_hevc,360p,4.8H,3.0,0.6415488084672897,0.9258200997725514
AVT-Faces_lightingLoop__V8-0019_1080p_crf30_hevc,1080p,4.8H,3.75,0.7172733733084262,1.035098339013531
Moment_of_Intensity_8s_2160p_crf30_hevc,2160p,4.8H,4.666666666666667,0.4619679414498925,0.7071067811865475
Moment_of_Intensity_8s_720p_crf30_hevc,720p,4.8H,3.25,0.2558894521397416,0.4522670168666454
Sparks_8s_107000-115000.avi_2160p_crf38_hevc,2160p,4.8H,4.0,0.506060524752664,0.816496580927726
Chimera-EP09_8s_24000-32000.avi_2160p_crf22_hevc,2160p,4.8H,3.75,0.614236220175362,0.8864052604279183
Knitting_Close_ds_360p_crf22_hevc,360p,4.8H,4.0,0.4619679414498925,0.7071067811865476
Chimera-EP09_8s_24000-32000.avi_1080p_crf38_hevc,1080p,4.8H,2.8181818181818183,0.580107310529896,0.9816498172140428
AVT-Faces_lightingLoop__V8-0032_720p_crf30_hevc,720p,4.8H,3.333333333333333,0.6071448231923207,1.0730867399773196
american_football_harmonic_8s_360p_crf22_hevc,360p,4.8H,3.5,0.4382612702882907,0.5477225575051661
Sparks_8s_107000-115000.avi_2160p_crf30_hevc,2160p,4.8H,4.7,0.2993894439514019,0.4830458915396479
fr-041_debris_3840x2160_60p_422_ffvhuff_4_8s_720p_crf22_hevc,720p,4.8H,4.333333333333333,0.4619679414498925,0.7071067811865476
Reading_Stairs_ds_1080p_crf30_hevc,1080p,4.8H,4.0,0.6197950323045616,0.7071067811865476
CSGO_8s_23000-31000.avi_360p_crf22_hevc,360p,4.8H,2.6923076923076925,0.4082775046694031,0.7510676161988108
AVT-Faces_lightingLoop__V8-0019_2160p_crf22_hevc,2160p,4.8H,4.5,0.326660664090009,0.5270462766947299
Sparks_8s_107000-115000.avi_1080p_crf30_hevc,1080p,4.8H,4.363636363636363,0.5462850716053683,0.9244162777371754
Rocket-2_8s_90000-98000.avi_720p_crf38_hevc,720p,4.8H,2.142857142857143,0.2799948549342935,0.3779644730092272
Sparks_8s_107000-115000.avi_720p_crf38_hevc,720p,4.8H,1.5,0.3703983772668733,0.5345224838248488
american_football_harmonic_8s_1080p_crf22_hevc,1080p,4.8H,4.625,0.3586366866542131,0.5175491695067657
venice_harmonic_2_cropped_8s_2160p_crf38_hevc,2160p,4.8H,4.2,0.4889009147043453,0.7888106377466155
ElFuente_8s_224000-231750.avi_1080p_crf30_hevc,1080p,4.8H,3.888888888888889,0.217773776060006,0.3333333333333333
Moment_of_Intensity_8s_360p_crf38_hevc,360p,4.8H,1.0,0.0,0.0
AVT-Faces_lightingLoop__V8-0032_360p_crf30_hevc,360p,4.8H,2.0,0.413196688203041,0.6666666666666666
Sparks_8s_107000-115000.avi_1080p_crf22_hevc,1080p,4.8H,4.8,0.2613285312720071,0.4216370213557839
monkeys_harmonic_0_cropped_8s_1080p_crf22_hevc,1080p,4.8H,4.555555555555555,0.4746269411994117,0.7264831572567788
Knitting_Close_ds_720p_crf30_hevc,720p,4.8H,3.7857142857142856,0.3663054518872605,0.6992932067530679
AVT-Faces_lightingLoop__V8-0019_720p_crf38_hevc,720p,4.8H,1.9166666666666667,0.5094040473618223,0.90033663737852
Reading_Stairs_ds_2160p_crf22_hevc,2160p,4.8H,4.769230769230769,0.2383827047325237,0.4385290096535146
american_football_harmonic_8s_1080p_crf30_hevc,1080p,4.8H,4.5,0.3703983772668733,0.5345224838248488
Reading_Stairs_ds_720p_crf38_hevc,720p,4.8H,2.0,0.3843805616580308,0.7071067811865476
fr-041_debris_3840x2160_60p_422_ffvhuff_4_8s_2160p_crf22_hevc,2160p,4.8H,4.666666666666667,0.4619679414498925,0.7071067811865475
CSGO_8s_23000-31000.avi_2160p_crf38_hevc,2160p,4.8H,4.181818181818182,0.2390516019754313,0.4045199174779452
ElFuente_8s_224000-231750.avi_720p_crf30_hevc,720p,4.8H,2.75,0.3207744042336448,0.4629100498862757
Knitting_Close_ds_2160p_crf38_hevc,2160p,4.8H,3.7777777777777777,0.2880876267631237,0.4409585518440984
